machine_id	timestamp	pressure_bar
MACH_01	2025-08-26T00:00:00+01:00	196.96
MACH_01	2025-08-26 01:00:00	197.931
MACH_01	2025-08-26 02:00:00	197.84
MACH_01	2025-08-26 03:00:00	197.412
MACH_01	2025-08-26 04:00:00	197.214
MACH_01	2025-08-26T05:00:00+01:00	196.591
MACH_01	2025-08-26 06:00:00	197.372
MACH_01	2025-08-26 07:00:00	197.098
MACH_01	2025-08-26 08:00:00	197.208
MACH_01	2025-08-26 09:00:00	196.809
MACH_01	2025-08-26T10:00:00+01:00	197.009
MACH_01	2025-08-26 11:00:00	196.892
MACH_01	2025-08-26 12:00:00	197.092
MACH_01	2025-08-26 13:00:00	197.606
MACH_01	2025-08-26 14:00:00	197.107
MACH_01	2025-08-26T15:00:00+01:00	196.094
MACH_01	2025-08-26 16:00:00	196.443
MACH_01	2025-08-26 17:00:00	196.172
MACH_01	2025-08-26 18:00:00	196.604
MACH_01	2025-08-26 19:00:00	197.264
MACH_01	2025-08-26T20:00:00+01:00	197.225
MACH_01	2025-08-26 21:00:00	196.737
MACH_01	2025-08-26 22:00:00	197.169
MACH_01	2025-08-26 23:00:00	196.672
MACH_01	2025-08-27 00:00:00	196.298
MACH_01	2025-08-27T01:00:00+01:00	196.281
MACH_01	2025-08-27 02:00:00	196.551
MACH_01	2025-08-27 03:00:00	197.707
MACH_01	2025-08-27 04:00:00	196.318
MACH_01	2025-08-27 05:00:00	197.603
MACH_01	2025-08-27T06:00:00+01:00	197.674
MACH_01	2025-08-27 07:00:00	196.963
MACH_01	2025-08-27 08:00:00	197.053
MACH_01	2025-08-27 09:00:00	196.809
MACH_01	2025-08-27 10:00:00	197.09
MACH_01	2025-08-27T11:00:00+01:00	197.422
MACH_01	2025-08-27 12:00:00	197.107
MACH_01	2025-08-27 13:00:00	197.591
MACH_01	2025-08-27 14:00:00	197.67
MACH_01	2025-08-27 15:00:00	197.299
MACH_01	2025-08-27T16:00:00+01:00	197.285
MACH_01	2025-08-27 17:00:00	197.062
MACH_01	2025-08-27 18:00:00	197.28
MACH_01	2025-08-27 19:00:00	196.606
MACH_01	2025-08-27 20:00:00	197.367
MACH_01	2025-08-27T21:00:00+01:00	197.304
MACH_01	2025-08-27 22:00:00	196.758
MACH_01	2025-08-27 23:00:00	198.247
MACH_01	2025-08-28 00:00:00	196.668
MACH_01	2025-08-28 01:00:00	196.715
MACH_01	2025-08-28T02:00:00+01:00	197.342
MACH_01	2025-08-28 03:00:00	196.202
MACH_01	2025-08-28 04:00:00	196.823
MACH_01	2025-08-28 05:00:00	196.427
MACH_01	2025-08-28 06:00:00	196.698
MACH_01	2025-08-28T07:00:00+01:00	197.139
MACH_01	2025-08-28 08:00:00	197.384
MACH_01	2025-08-28 09:00:00	197.783
MACH_01	2025-08-28 10:00:00	197.585
MACH_01	2025-08-28 11:00:00	197.785
MACH_01	2025-08-28T12:00:00+01:00	197.457
MACH_01	2025-08-28 13:00:00	197.006
MACH_01	2025-08-28 14:00:00	197.79
MACH_01	2025-08-28 15:00:00	196.996
MACH_01	2025-08-28 16:00:00	196.898
MACH_01	2025-08-28T17:00:00+01:00	197.954
MACH_01	2025-08-28 18:00:00	197.545
MACH_01	2025-08-28 19:00:00	197.29
MACH_01	2025-08-28 20:00:00	197.548
MACH_01	2025-08-28 21:00:00	197.628
MACH_01	2025-08-28T22:00:00+01:00	196.489
MACH_01	2025-08-28 23:00:00	197.107
MACH_01	2025-08-29 00:00:00	196.604
MACH_01	2025-08-29 01:00:00	197.224
MACH_01	2025-08-29 02:00:00	196.774
MACH_01	2025-08-29T03:00:00+01:00	197.8
MACH_01	2025-08-29 04:00:00	197.346
MACH_01	2025-08-29 05:00:00	196.669
MACH_01	2025-08-29 06:00:00	197.092
MACH_01	2025-08-29 07:00:00	196.472
MACH_01	2025-08-29T08:00:00+01:00	197.123
MACH_01	2025-08-29 09:00:00	197.356
MACH_01	2025-08-29 10:00:00	197.259
MACH_01	2025-08-29 11:00:00	196.203
MACH_01	2025-08-29 12:00:00	196.985
MACH_01	2025-08-29T13:00:00+01:00	197.4
MACH_01	2025-08-29 14:00:00	197.274
MACH_01	2025-08-29 15:00:00	197.706
MACH_01	2025-08-29 16:00:00	196.519
MACH_01	2025-08-29 17:00:00	197.38
MACH_01	2025-08-29T18:00:00+01:00	196.82
MACH_01	2025-08-29 19:00:00	197.203
MACH_01	2025-08-29 20:00:00	197.283
MACH_01	2025-08-29 21:00:00	197.37
MACH_01	2025-08-29 22:00:00	196.801
MACH_01	2025-08-29T23:00:00+01:00	197.184
MACH_01	2025-08-30 00:00:00	196.515
MACH_01	2025-08-30 01:00:00	196.373
MACH_01	2025-08-30 02:00:00	197.388
MACH_01	2025-08-30 03:00:00	197.02
MACH_01	2025-08-30T04:00:00+01:00	196.239
MACH_01	2025-08-30 05:00:00	196.689
MACH_01	2025-08-30 06:00:00	197.112
MACH_01	2025-08-30 07:00:00	197.88
MACH_01	2025-08-30 08:00:00	197.645
MACH_01	2025-08-30T09:00:00+01:00	197.498
MACH_01	2025-08-30 10:00:00	196.207
MACH_01	2025-08-30 11:00:00	197.079
MACH_01	2025-08-30 12:00:00	197.372
MACH_01	2025-08-30 13:00:00	197.342
MACH_01	2025-08-30T14:00:00+01:00	197.342
MACH_01	2025-08-30 15:00:00	197.027
MACH_01	2025-08-30 16:00:00	198.024
MACH_01	2025-08-30 17:00:00	197.927
MACH_01	2025-08-30 18:00:00	197.164
MACH_01	2025-08-30T19:00:00+01:00	196.714
MACH_01	2025-08-30 20:00:00	198.157
MACH_01	2025-08-30 21:00:00	196.875
MACH_01	2025-08-30 22:00:00	197.772
MACH_01	2025-08-30 23:00:00	198.101
MACH_01	2025-08-31T00:00:00+01:00	196.615
MACH_01	2025-08-31 01:00:00	197.198
MACH_01	2025-08-31 02:00:00	196.907
MACH_01	2025-08-31 03:00:00	197.306
MACH_01	2025-08-31 04:00:00	197.195
MACH_01	2025-08-31T05:00:00+01:00	198.014
MACH_01	2025-08-31 06:00:00	197.373
MACH_01	2025-08-31 07:00:00	197.073
MACH_01	2025-08-31 08:00:00	197.637
MACH_01	2025-08-31 09:00:00	196.922
MACH_01	2025-08-31T10:00:00+01:00	196.924
MACH_01	2025-08-31 11:00:00	198.258
MACH_01	2025-08-31 12:00:00	196.725
MACH_01	2025-08-31 13:00:00	196.85
MACH_01	2025-08-31 14:00:00	197.092
MACH_01	2025-08-31T15:00:00+01:00	196.559
MACH_01	2025-08-31 16:00:00	196.012
MACH_01	2025-08-31 17:00:00	197.621
MACH_01	2025-08-31 18:00:00	196.711
MACH_01	2025-08-31 19:00:00	196.842
MACH_01	2025-08-31T20:00:00+01:00	196.946
MACH_01	2025-08-31 21:00:00	196.656
MACH_01	2025-08-31 22:00:00	196.584
MACH_01	2025-08-31 23:00:00	197.192
MACH_01	2025-09-01 00:00:00	198.38
MACH_01	2025-09-01T01:00:00+01:00	197.514
MACH_01	2025-09-01 02:00:00	197.505
MACH_01	2025-09-01 03:00:00	196.41
MACH_01	2025-09-01 04:00:00	197.146
MACH_01	2025-09-01 05:00:00	196.542
MACH_01	2025-09-01T06:00:00+01:00	197.48
MACH_01	2025-09-01 07:00:00	196.996
MACH_01	2025-09-01 08:00:00	197.16
MACH_01	2025-09-01 09:00:00	197.139
MACH_01	2025-09-01 10:00:00	196.893
MACH_01	2025-09-01T11:00:00+01:00	196.455
MACH_01	2025-09-01 12:00:00	197.475
MACH_01	2025-09-01 13:00:00	196.498
MACH_01	2025-09-01 14:00:00	196.579
MACH_01	2025-09-01 15:00:00	197.026
MACH_01	2025-09-01T16:00:00+01:00	196.844
MACH_01	2025-09-01 17:00:00	197.36
MACH_01	2025-09-01 18:00:00	197.705
MACH_01	2025-09-01 19:00:00	197.362
MACH_01	2025-09-01 20:00:00	197.322
MACH_01	2025-09-01T21:00:00+01:00	197.204
MACH_01	2025-09-01 22:00:00	197.617
MACH_01	2025-09-01 23:00:00	196.221
MACH_01	2025-09-02 00:00:00	197.327
MACH_01	2025-09-02 01:00:00	196.686
MACH_01	2025-09-02T02:00:00+01:00	196.53
MACH_01	2025-09-02 03:00:00	197.165
MACH_01	2025-09-02 04:00:00	196.96
MACH_01	2025-09-02 05:00:00	197.445
MACH_01	2025-09-02 06:00:00	197.66
MACH_01	2025-09-02T07:00:00+01:00	195.949
MACH_01	2025-09-02 08:00:00	197.05
MACH_01	2025-09-02 09:00:00	198.052
MACH_01	2025-09-02 10:00:00	197.503
MACH_01	2025-09-02 11:00:00	197.798
MACH_01	2025-09-02T12:00:00+01:00	197.077
MACH_01	2025-09-02 13:00:00	196.261
MACH_01	2025-09-02 14:00:00	196.407
MACH_01	2025-09-02 15:00:00	197.34
MACH_01	2025-09-02 16:00:00	197.474
MACH_01	2025-09-02T17:00:00+01:00	196.656
MACH_01	2025-09-02 18:00:00	196.927
MACH_01	2025-09-02 19:00:00	197.206
MACH_01	2025-09-02 20:00:00	196.2
MACH_01	2025-09-02 21:00:00	196.869
MACH_01	2025-09-02T22:00:00+01:00	197.825
MACH_01	2025-09-02 23:00:00	198.095
MACH_01	2025-09-03 00:00:00	196.956
MACH_01	2025-09-03 01:00:00	197.932
MACH_01	2025-09-03 02:00:00	196.754
MACH_01	2025-09-03T03:00:00+01:00	196.607
MACH_01	2025-09-03 04:00:00	195.912
MACH_01	2025-09-03 05:00:00	197.516
MACH_01	2025-09-03 06:00:00	196.859
MACH_01	2025-09-03 07:00:00	198.225
MACH_01	2025-09-03T08:00:00+01:00	197.205
MACH_01	2025-09-03 09:00:00	197.102
MACH_01	2025-09-03 10:00:00	196.12
MACH_01	2025-09-03 11:00:00	197.786
MACH_01	2025-09-03 12:00:00	196.848
MACH_01	2025-09-03T13:00:00+01:00	196.936
MACH_01	2025-09-03 14:00:00	195.982
MACH_01	2025-09-03 15:00:00	197.525
MACH_01	2025-09-03 16:00:00	197.55
MACH_01	2025-09-03 17:00:00	196.761
MACH_01	2025-09-03T18:00:00+01:00	197.076
MACH_01	2025-09-03 19:00:00	197.229
MACH_01	2025-09-03 20:00:00	197.568
MACH_01	2025-09-03 21:00:00	197.167
MACH_01	2025-09-03 22:00:00	197.995
MACH_01	2025-09-03T23:00:00+01:00	197.031
MACH_01	2025-09-04 00:00:00	196.852
MACH_01	2025-09-04 01:00:00	196.951
MACH_01	2025-09-04 02:00:00	195.911
MACH_01	2025-09-04 03:00:00	196.763
MACH_01	2025-09-04T04:00:00+01:00	197.673
MACH_01	2025-09-04 05:00:00	197.33
MACH_01	2025-09-04 06:00:00	196.798
MACH_01	2025-09-04 07:00:00	197.402
MACH_01	2025-09-04 08:00:00	196.158
MACH_01	2025-09-04T09:00:00+01:00	197.06
MACH_01	2025-09-04 10:00:00	197.536
MACH_01	2025-09-04 11:00:00	197.662
MACH_01	2025-09-04 12:00:00	196.916
MACH_01	2025-09-04 13:00:00	197.735
MACH_01	2025-09-04T14:00:00+01:00	198.222
MACH_01	2025-09-04 15:00:00	197.044
MACH_01	2025-09-04 16:00:00	197.65
MACH_01	2025-09-04 17:00:00	196.485
MACH_01	2025-09-04 18:00:00	196.311
MACH_01	2025-09-04T19:00:00+01:00	197.639
MACH_01	2025-09-04 20:00:00	197.294
MACH_01	2025-09-04 21:00:00	197.381
MACH_01	2025-09-04 22:00:00	196.969
MACH_01	2025-09-04 23:00:00	197.071
MACH_01	2025-09-05T00:00:00+01:00	197.605
MACH_01	2025-09-05 01:00:00	198.052
MACH_01	2025-09-05 02:00:00	197.116
MACH_01	2025-09-05 03:00:00	196.353
MACH_01	2025-09-05 04:00:00	197.848
MACH_01	2025-09-05T05:00:00+01:00	197.572
MACH_01	2025-09-05 06:00:00	197.63
MACH_01	2025-09-05 07:00:00	197.397
MACH_01	2025-09-05 08:00:00	198.467
MACH_01	2025-09-05 09:00:00	197.308
MACH_01	2025-09-05T10:00:00+01:00	197.543
MACH_01	2025-09-05 11:00:00	196.371
MACH_01	2025-09-05 12:00:00	197.03
MACH_01	2025-09-05 13:00:00	197.053
MACH_01	2025-09-05 14:00:00	197.403
MACH_01	2025-09-05T15:00:00+01:00	197.605
MACH_01	2025-09-05 16:00:00	197.103
MACH_01	2025-09-05 17:00:00	198.304
MACH_01	2025-09-05 18:00:00	196.871
MACH_01	2025-09-05 19:00:00	197.167
MACH_01	2025-09-05T20:00:00+01:00	197.492
MACH_01	2025-09-05 21:00:00	196.768
MACH_01	2025-09-05 22:00:00	197.669
MACH_01	2025-09-05 23:00:00	197.753
MACH_01	2025-09-06 00:00:00	197.335
MACH_01	2025-09-06T01:00:00+01:00	198.46
MACH_01	2025-09-06 02:00:00	197.534
MACH_01	2025-09-06 03:00:00	197.652
MACH_01	2025-09-06 04:00:00	197.056
MACH_01	2025-09-06 05:00:00	196.666
MACH_01	2025-09-06T06:00:00+01:00	197.199
MACH_01	2025-09-06 07:00:00	197.375
MACH_01	2025-09-06 08:00:00	197.314
MACH_01	2025-09-06 09:00:00	197.974
MACH_01	2025-09-06 10:00:00	196.432
MACH_01	2025-09-06T11:00:00+01:00	197.034
MACH_01	2025-09-06 12:00:00	196.691
MACH_01	2025-09-06 13:00:00	198.251
MACH_01	2025-09-06 14:00:00	197.314
MACH_01	2025-09-06 15:00:00	197.313
MACH_01	2025-09-06T16:00:00+01:00	197.048
MACH_01	2025-09-06 17:00:00	198.06
MACH_01	2025-09-06 18:00:00	197.434
MACH_01	2025-09-06 19:00:00	197.746
MACH_01	2025-09-06 20:00:00	196.574
MACH_01	2025-09-06T21:00:00+01:00	198.231
MACH_01	2025-09-06 22:00:00	197.837
MACH_01	2025-09-06 23:00:00	197.957
MACH_01	2025-09-07 00:00:00	198.313
MACH_01	2025-09-07 01:00:00	197.617
MACH_01	2025-09-07T02:00:00+01:00	197.685
MACH_01	2025-09-07 03:00:00	198.139
MACH_01	2025-09-07 04:00:00	198.035
MACH_01	2025-09-07 05:00:00	197.654
MACH_01	2025-09-07 06:00:00	197.825
MACH_01	2025-09-07T07:00:00+01:00	197.543
MACH_01	2025-09-07 08:00:00	198.15
MACH_01	2025-09-07 09:00:00	198.26
MACH_01	2025-09-07 10:00:00	197.805
MACH_01	2025-09-07 11:00:00	198.793
MACH_01	2025-09-07T12:00:00+01:00	197.027
MACH_01	2025-09-07 13:00:00	197.681
MACH_01	2025-09-07 14:00:00	198.634
MACH_01	2025-09-07 15:00:00	197.601
MACH_01	2025-09-07 16:00:00	196.998
MACH_01	2025-09-07T17:00:00+01:00	198.512
MACH_01	2025-09-07 18:00:00	198.074
MACH_01	2025-09-07 19:00:00	197.223
MACH_01	2025-09-07 20:00:00	198.24
MACH_01	2025-09-07 21:00:00	197.327
MACH_01	2025-09-07T22:00:00+01:00	197.17
MACH_01	2025-09-07 23:00:00	197.723
MACH_01	2025-09-08 00:00:00	197.567
MACH_01	2025-09-08 01:00:00	197.284
MACH_01	2025-09-08 02:00:00	197.634
MACH_01	2025-09-08T03:00:00+01:00	197.347
MACH_01	2025-09-08 04:00:00	197.819
MACH_01	2025-09-08 05:00:00	197.721
MACH_01	2025-09-08 06:00:00	198.065
MACH_01	2025-09-08 07:00:00	197.449
MACH_01	2025-09-08T08:00:00+01:00	197.01
MACH_01	2025-09-08 09:00:00	197.014
MACH_01	2025-09-08 10:00:00	197.55
MACH_01	2025-09-08 11:00:00	198.465
MACH_01	2025-09-08 12:00:00	198.106
MACH_01	2025-09-08T13:00:00+01:00	197.321
MACH_01	2025-09-08 14:00:00	198.078
MACH_01	2025-09-08 15:00:00	197.087
MACH_01	2025-09-08 16:00:00	198.106
MACH_01	2025-09-08 17:00:00	197.401
MACH_01	2025-09-08T18:00:00+01:00	198.022
MACH_01	2025-09-08 19:00:00	197.963
MACH_01	2025-09-08 20:00:00	197.487
MACH_01	2025-09-08 21:00:00	197.791
MACH_01	2025-09-08 22:00:00	197.118
MACH_01	2025-09-08T23:00:00+01:00	197.652
MACH_01	2025-09-09 00:00:00	198.205
MACH_01	2025-09-09 01:00:00	199.739
MACH_01	2025-09-09 02:00:00	198.045
MACH_01	2025-09-09 03:00:00	197.77
MACH_01	2025-09-09T04:00:00+01:00	197.259
MACH_01	2025-09-09 05:00:00	198.288
MACH_01	2025-09-09 06:00:00	196.883
MACH_01	2025-09-09 07:00:00	197.323
MACH_01	2025-09-09 08:00:00	197.958
MACH_01	2025-09-09T09:00:00+01:00	197.195
MACH_01	2025-09-09 10:00:00	198.578
MACH_01	2025-09-09 11:00:00	198.426
MACH_01	2025-09-09 12:00:00	197.562
MACH_01	2025-09-09 13:00:00	197.596
MACH_01	2025-09-09T14:00:00+01:00	197.196
MACH_01	2025-09-09 15:00:00	197.156
MACH_01	2025-09-09 16:00:00	198.083
MACH_01	2025-09-09 17:00:00	198.219
MACH_01	2025-09-09 18:00:00	198.055
MACH_01	2025-09-09T19:00:00+01:00	197.996
MACH_01	2025-09-09 20:00:00	197.534
MACH_01	2025-09-09 21:00:00	198.01
MACH_01	2025-09-09 22:00:00	197.077
MACH_01	2025-09-09 23:00:00	197.832
MACH_01	2025-09-10T00:00:00+01:00	198.535
MACH_01	2025-09-10 01:00:00	198.449
MACH_01	2025-09-10 02:00:00	197.584
MACH_01	2025-09-10 03:00:00	197.644
MACH_01	2025-09-10 04:00:00	198.521
MACH_01	2025-09-10T05:00:00+01:00	198.743
MACH_01	2025-09-10 06:00:00	197.085
MACH_01	2025-09-10 07:00:00	197.575
MACH_01	2025-09-10 08:00:00	197.936
MACH_01	2025-09-10 09:00:00	198.435
MACH_01	2025-09-10T10:00:00+01:00	197.432
MACH_01	2025-09-10 11:00:00	198.115
MACH_01	2025-09-10 12:00:00	197.592
MACH_01	2025-09-10 13:00:00	198.871
MACH_01	2025-09-10 14:00:00	197.868
MACH_01	2025-09-10T15:00:00+01:00	197.616
MACH_01	2025-09-10 16:00:00	197.532
MACH_01	2025-09-10 17:00:00	198.23
MACH_01	2025-09-10 18:00:00	198.044
MACH_01	2025-09-10 19:00:00	197.183
MACH_01	2025-09-10T20:00:00+01:00	197.826
MACH_01	2025-09-10 21:00:00	197.057
MACH_01	2025-09-10 22:00:00	197.354
MACH_01	2025-09-10 23:00:00	197.018
MACH_01	2025-09-11 00:00:00	196.991
MACH_01	2025-09-11T01:00:00+01:00	197.352
MACH_01	2025-09-11 02:00:00	197.193
MACH_01	2025-09-11 03:00:00	197.946
MACH_01	2025-09-11 04:00:00	198.063
MACH_01	2025-09-11 05:00:00	197.528
MACH_01	2025-09-11T06:00:00+01:00	197.12
MACH_01	2025-09-11 07:00:00	198.078
MACH_01	2025-09-11 08:00:00	196.627
MACH_01	2025-09-11 09:00:00	196.58
MACH_01	2025-09-11 10:00:00	197.898
MACH_01	2025-09-11T11:00:00+01:00	197.803
MACH_01	2025-09-11 12:00:00	197.908
MACH_01	2025-09-11 13:00:00	197.335
MACH_01	2025-09-11 14:00:00	196.831
MACH_01	2025-09-11 15:00:00	197.151
MACH_01	2025-09-11T16:00:00+01:00	197.717
MACH_01	2025-09-11 17:00:00	197.061
MACH_01	2025-09-11 18:00:00	197.07
MACH_01	2025-09-11 19:00:00	196.744
MACH_01	2025-09-11 20:00:00	196.812
MACH_01	2025-09-11T21:00:00+01:00	197.783
MACH_01	2025-09-11 22:00:00	197.545
MACH_01	2025-09-11 23:00:00	196.7
MACH_01	2025-09-12 00:00:00	196.767
MACH_01	2025-09-12 01:00:00	196.987
MACH_01	2025-09-12T02:00:00+01:00	197.51
MACH_01	2025-09-12 03:00:00	196.62
MACH_01	2025-09-12 04:00:00	197.128
MACH_01	2025-09-12 05:00:00	196.125
MACH_01	2025-09-12 06:00:00	196.597
MACH_01	2025-09-12T07:00:00+01:00	197.418
MACH_01	2025-09-12 08:00:00	197.619
MACH_01	2025-09-12 09:00:00	196.572
MACH_01	2025-09-12 10:00:00	196.766
MACH_01	2025-09-12 11:00:00	197.527
MACH_01	2025-09-12T12:00:00+01:00	196.938
MACH_01	2025-09-12 13:00:00	196.917
MACH_01	2025-09-12 14:00:00	197.432
MACH_01	2025-09-12 15:00:00	197.27
MACH_01	2025-09-12 16:00:00	197.771
MACH_01	2025-09-12T17:00:00+01:00	197.591
MACH_01	2025-09-12 18:00:00	196.878
MACH_01	2025-09-12 19:00:00	197.074
MACH_01	2025-09-12 20:00:00	197.115
MACH_01	2025-09-12 21:00:00	196.48
MACH_01	2025-09-12T22:00:00+01:00	196.667
MACH_01	2025-09-12 23:00:00	197.644
MACH_01	2025-09-13 00:00:00	196.397
MACH_01	2025-09-13 01:00:00	197.719
MACH_01	2025-09-13 02:00:00	197.321
MACH_01	2025-09-13T03:00:00+01:00	197.107
MACH_01	2025-09-13 04:00:00	197.449
MACH_01	2025-09-13 05:00:00	197.439
MACH_01	2025-09-13 06:00:00	197.8
MACH_01	2025-09-13 07:00:00	196.972
MACH_01	2025-09-13T08:00:00+01:00	197.044
MACH_01	2025-09-13 09:00:00	196.981
MACH_01	2025-09-13 10:00:00	198.047
MACH_01	2025-09-13 11:00:00	197.559
MACH_01	2025-09-13 12:00:00	196.634
MACH_01	2025-09-13T13:00:00+01:00	196.898
MACH_01	2025-09-13 14:00:00	196.698
MACH_01	2025-09-13 15:00:00	197.028
MACH_01	2025-09-13 16:00:00	197.096
MACH_01	2025-09-13 17:00:00	198.159
MACH_01	2025-09-13T18:00:00+01:00	196.078
MACH_01	2025-09-13 19:00:00	197.522
MACH_01	2025-09-13 20:00:00	197.191
MACH_01	2025-09-13 21:00:00	196.622
MACH_01	2025-09-13 22:00:00	196.847
MACH_01	2025-09-13T23:00:00+01:00	196.658
MACH_01	2025-09-14 00:00:00	196.916
MACH_01	2025-09-14 01:00:00	197.412
MACH_01	2025-09-14 02:00:00	196.15
MACH_01	2025-09-14 03:00:00	197.564
MACH_01	2025-09-14T04:00:00+01:00	196.742
MACH_01	2025-09-14 05:00:00	197.688
MACH_01	2025-09-14 06:00:00	197.156
MACH_01	2025-09-14 07:00:00	197.589
MACH_01	2025-09-14 08:00:00	197.251
MACH_01	2025-09-14T09:00:00+01:00	197.502
MACH_01	2025-09-14 10:00:00	196.995
MACH_01	2025-09-14 11:00:00	196.536
MACH_01	2025-09-14 12:00:00	197.3
MACH_01	2025-09-14 13:00:00	197.352
MACH_01	2025-09-14T14:00:00+01:00	198.072
MACH_01	2025-09-14 15:00:00	196.002
MACH_01	2025-09-14 16:00:00	196.868
MACH_01	2025-09-14 17:00:00	197.497
MACH_01	2025-09-14 18:00:00	196.331
MACH_01	2025-09-14T19:00:00+01:00	196.877
MACH_01	2025-09-14 20:00:00	198.04
MACH_01	2025-09-14 21:00:00	197.681
MACH_01	2025-09-14 22:00:00	196.551
MACH_01	2025-09-14 23:00:00	197.691
MACH_02	2025-08-26T00:00:00+01:00	200.21
MACH_02	2025-08-26 01:00:00	198.505
MACH_02	2025-08-26 02:00:00	199.178
MACH_02	2025-08-26 03:00:00	199.519
MACH_02	2025-08-26 04:00:00	199.122
MACH_02	2025-08-26T05:00:00+01:00	199.358
MACH_02	2025-08-26 06:00:00	199.138
MACH_02	2025-08-26 07:00:00	199.431
MACH_02	2025-08-26 08:00:00	199.75
MACH_02	2025-08-26 09:00:00	198.987
MACH_02	2025-08-26T10:00:00+01:00	199.124
MACH_02	2025-08-26 11:00:00	198.987
MACH_02	2025-08-26 12:00:00	198.82
MACH_02	2025-08-26 13:00:00	199.022
MACH_02	2025-08-26 14:00:00	198.468
MACH_02	2025-08-26T15:00:00+01:00	199.38
MACH_02	2025-08-26 16:00:00	199.903
MACH_02	2025-08-26 17:00:00	199.883
MACH_02	2025-08-26 18:00:00	199.689
MACH_02	2025-08-26 19:00:00	198.56
MACH_02	2025-08-26T20:00:00+01:00	199.765
MACH_02	2025-08-26 21:00:00	198.689
MACH_02	2025-08-26 22:00:00	198.944
MACH_02	2025-08-26 23:00:00	199.867
MACH_02	2025-08-27 00:00:00	198.421
MACH_02	2025-08-27T01:00:00+01:00	199.366
MACH_02	2025-08-27 02:00:00	199.107
MACH_02	2025-08-27 03:00:00	198.887
MACH_02	2025-08-27 04:00:00	198.511
MACH_02	2025-08-27 05:00:00	199.224
MACH_02	2025-08-27T06:00:00+01:00	198.774
MACH_02	2025-08-27 07:00:00	199.523
MACH_02	2025-08-27 08:00:00	199.579
MACH_02	2025-08-27 09:00:00	198.254
MACH_02	2025-08-27 10:00:00	198.71
MACH_02	2025-08-27T11:00:00+01:00	198.819
MACH_02	2025-08-27 12:00:00	198.387
MACH_02	2025-08-27 13:00:00	198.397
MACH_02	2025-08-27 14:00:00	199.021
MACH_02	2025-08-27 15:00:00	198.821
MACH_02	2025-08-27T16:00:00+01:00	198.088
MACH_02	2025-08-27 17:00:00	198.636
MACH_02	2025-08-27 18:00:00	199.139
MACH_02	2025-08-27 19:00:00	198.28
MACH_02	2025-08-27 20:00:00	198.401
MACH_02	2025-08-27T21:00:00+01:00	199.632
MACH_02	2025-08-27 22:00:00	199.551
MACH_02	2025-08-27 23:00:00	198.103
MACH_02	2025-08-28 00:00:00	198.274
MACH_02	2025-08-28 01:00:00	199.139
MACH_02	2025-08-28T02:00:00+01:00	198.383
MACH_02	2025-08-28 03:00:00	198.875
MACH_02	2025-08-28 04:00:00	198.812
MACH_02	2025-08-28 05:00:00	199.388
MACH_02	2025-08-28 06:00:00	197.837
MACH_02	2025-08-28T07:00:00+01:00	198.007
MACH_02	2025-08-28 08:00:00	198.494
MACH_02	2025-08-28 09:00:00	199.508
MACH_02	2025-08-28 10:00:00	198.882
MACH_02	2025-08-28 11:00:00	198.105
MACH_02	2025-08-28T12:00:00+01:00	199.224
MACH_02	2025-08-28 13:00:00	199.314
MACH_02	2025-08-28 14:00:00	198.871
MACH_02	2025-08-28 15:00:00	198.867
MACH_02	2025-08-28 16:00:00	199.239
MACH_02	2025-08-28T17:00:00+01:00	199.667
MACH_02	2025-08-28 18:00:00	199.191
MACH_02	2025-08-28 19:00:00	199.395
MACH_02	2025-08-28 20:00:00	199.075
MACH_02	2025-08-28 21:00:00	198.952
MACH_02	2025-08-28T22:00:00+01:00	198.68
MACH_02	2025-08-28 23:00:00	199.254
MACH_02	2025-08-29 00:00:00	198.98
MACH_02	2025-08-29 01:00:00	198.992
MACH_02	2025-08-29 02:00:00	199.61
MACH_02	2025-08-29T03:00:00+01:00	199.413
MACH_02	2025-08-29 04:00:00	199.64
MACH_02	2025-08-29 05:00:00	198.435
MACH_02	2025-08-29 06:00:00	199.478
MACH_02	2025-08-29 07:00:00	198.899
MACH_02	2025-08-29T08:00:00+01:00	198.816
MACH_02	2025-08-29 09:00:00	198.782
MACH_02	2025-08-29 10:00:00	199.902
MACH_02	2025-08-29 11:00:00	199.703
MACH_02	2025-08-29 12:00:00	198.913
MACH_02	2025-08-29T13:00:00+01:00	198.737
MACH_02	2025-08-29 14:00:00	199.335
MACH_02	2025-08-29 15:00:00	199.097
MACH_02	2025-08-29 16:00:00	200.15
MACH_02	2025-08-29 17:00:00	198.602
MACH_02	2025-08-29T18:00:00+01:00	198.443
MACH_02	2025-08-29 19:00:00	199.253
MACH_02	2025-08-29 20:00:00	199.377
MACH_02	2025-08-29 21:00:00	199.451
MACH_02	2025-08-29 22:00:00	199.787
MACH_02	2025-08-29T23:00:00+01:00	200.47
MACH_02	2025-08-30 00:00:00	199.169
MACH_02	2025-08-30 01:00:00	199.042
MACH_02	2025-08-30 02:00:00	198.411
MACH_02	2025-08-30 03:00:00	199.405
MACH_02	2025-08-30T04:00:00+01:00	199.716
MACH_02	2025-08-30 05:00:00	199.186
MACH_02	2025-08-30 06:00:00	199.925
MACH_02	2025-08-30 07:00:00	199.346
MACH_02	2025-08-30 08:00:00	200.089
MACH_02	2025-08-30T09:00:00+01:00	199.551
MACH_02	2025-08-30 10:00:00	198.838
MACH_02	2025-08-30 11:00:00	199.057
MACH_02	2025-08-30 12:00:00	198.656
MACH_02	2025-08-30 13:00:00	198.564
MACH_02	2025-08-30T14:00:00+01:00	199.505
MACH_02	2025-08-30 15:00:00	199.818
MACH_02	2025-08-30 16:00:00	200.348
MACH_02	2025-08-30 17:00:00	199.34
MACH_02	2025-08-30 18:00:00	199.281
MACH_02	2025-08-30T19:00:00+01:00	198.859
MACH_02	2025-08-30 20:00:00	199.899
MACH_02	2025-08-30 21:00:00	199.627
MACH_02	2025-08-30 22:00:00	199.148
MACH_02	2025-08-30 23:00:00	199.793
MACH_02	2025-08-31T00:00:00+01:00	199.738
MACH_02	2025-08-31 01:00:00	198.53
MACH_02	2025-08-31 02:00:00	199.826
MACH_02	2025-08-31 03:00:00	199.509
MACH_02	2025-08-31 04:00:00	199.246
MACH_02	2025-08-31T05:00:00+01:00	199.205
MACH_02	2025-08-31 06:00:00	200.25
MACH_02	2025-08-31 07:00:00	200.183
MACH_02	2025-08-31 08:00:00	200.32
MACH_02	2025-08-31 09:00:00	198.832
MACH_02	2025-08-31T10:00:00+01:00	199.075
MACH_02	2025-08-31 11:00:00	199.856
MACH_02	2025-08-31 12:00:00	198.8
MACH_02	2025-08-31 13:00:00	199.046
MACH_02	2025-08-31 14:00:00	198.48
MACH_02	2025-08-31T15:00:00+01:00	200.336
MACH_02	2025-08-31 16:00:00	199.92
MACH_02	2025-08-31 17:00:00	199.649
MACH_02	2025-08-31 18:00:00	199.472
MACH_02	2025-08-31 19:00:00	199.122
MACH_02	2025-08-31T20:00:00+01:00	199.161
MACH_02	2025-08-31 21:00:00	199.664
MACH_02	2025-08-31 22:00:00	198.98
MACH_02	2025-08-31 23:00:00	199.961
MACH_02	2025-09-01 00:00:00	199.069
MACH_02	2025-09-01T01:00:00+01:00	198.881
MACH_02	2025-09-01 02:00:00	199.901
MACH_02	2025-09-01 03:00:00	199.166
MACH_02	2025-09-01 04:00:00	199.496
MACH_02	2025-09-01 05:00:00	199.027
MACH_02	2025-09-01T06:00:00+01:00	198.136
MACH_02	2025-09-01 07:00:00	199.509
MACH_02	2025-09-01 08:00:00	198.61
MACH_02	2025-09-01 09:00:00	199.807
MACH_02	2025-09-01 10:00:00	198.429
MACH_02	2025-09-01T11:00:00+01:00	198.2
MACH_02	2025-09-01 12:00:00	199.333
MACH_02	2025-09-01 13:00:00	199.389
MACH_02	2025-09-01 14:00:00	199.21
MACH_02	2025-09-01 15:00:00	198.528
MACH_02	2025-09-01T16:00:00+01:00	199.546
MACH_02	2025-09-01 17:00:00	198.41
MACH_02	2025-09-01 18:00:00	198.908
MACH_02	2025-09-01 19:00:00	198.799
MACH_02	2025-09-01 20:00:00	198.999
MACH_02	2025-09-01T21:00:00+01:00	199.543
MACH_02	2025-09-01 22:00:00	198.825
MACH_02	2025-09-01 23:00:00	199.413
MACH_02	2025-09-02 00:00:00	199.471
MACH_02	2025-09-02 01:00:00	198.316
MACH_02	2025-09-02T02:00:00+01:00	198.58
MACH_02	2025-09-02 03:00:00	199.006
MACH_02	2025-09-02 04:00:00	198.902
MACH_02	2025-09-02 05:00:00	199.329
MACH_02	2025-09-02 06:00:00	198.225
MACH_02	2025-09-02T07:00:00+01:00	199.533
MACH_02	2025-09-02 08:00:00	199.582
MACH_02	2025-09-02 09:00:00	199.154
MACH_02	2025-09-02 10:00:00	198.549
MACH_02	2025-09-02 11:00:00	199.261
MACH_02	2025-09-02T12:00:00+01:00	199.007
MACH_02	2025-09-02 13:00:00	199.55
MACH_02	2025-09-02 14:00:00	199.251
MACH_02	2025-09-02 15:00:00	199.651
MACH_02	2025-09-02 16:00:00	199.089
MACH_02	2025-09-02T17:00:00+01:00	199.998
MACH_02	2025-09-02 18:00:00	198.128
MACH_02	2025-09-02 19:00:00	198.785
MACH_02	2025-09-02 20:00:00	199.514
MACH_02	2025-09-02 21:00:00	198.501
MACH_02	2025-09-02T22:00:00+01:00	199.609
MACH_02	2025-09-02 23:00:00	198.654
MACH_02	2025-09-03 00:00:00	199.288
MACH_02	2025-09-03 01:00:00	198.797
MACH_02	2025-09-03 02:00:00	199.08
MACH_02	2025-09-03T03:00:00+01:00	199.398
MACH_02	2025-09-03 04:00:00	199.21
MACH_02	2025-09-03 05:00:00	199.076
MACH_02	2025-09-03 06:00:00	200.375
MACH_02	2025-09-03 07:00:00	199.294
MACH_02	2025-09-03T08:00:00+01:00	198.838
MACH_02	2025-09-03 09:00:00	199.806
MACH_02	2025-09-03 10:00:00	199.765
MACH_02	2025-09-03 11:00:00	199.959
MACH_02	2025-09-03 12:00:00	200.226
MACH_02	2025-09-03T13:00:00+01:00	198.855
MACH_02	2025-09-03 14:00:00	199.856
MACH_02	2025-09-03 15:00:00	199.912
MACH_02	2025-09-03 16:00:00	199.356
MACH_02	2025-09-03 17:00:00	199.469
MACH_02	2025-09-03T18:00:00+01:00	197.848
MACH_02	2025-09-03 19:00:00	199.074
MACH_02	2025-09-03 20:00:00	200.207
MACH_02	2025-09-03 21:00:00	198.396
MACH_02	2025-09-03 22:00:00	198.998
MACH_02	2025-09-03T23:00:00+01:00	199.404
MACH_02	2025-09-04 00:00:00	199.54
MACH_02	2025-09-04 01:00:00	200.061
MACH_02	2025-09-04 02:00:00	198.338
MACH_02	2025-09-04 03:00:00	199.261
MACH_02	2025-09-04T04:00:00+01:00	199.679
MACH_02	2025-09-04 05:00:00	198.543
MACH_02	2025-09-04 06:00:00	199.181
MACH_02	2025-09-04 07:00:00	200.11
MACH_02	2025-09-04 08:00:00	199.877
MACH_02	2025-09-04T09:00:00+01:00	199.475
MACH_02	2025-09-04 10:00:00	197.887
MACH_02	2025-09-04 11:00:00	199.132
MACH_02	2025-09-04 12:00:00	199.385
MACH_02	2025-09-04 13:00:00	199.036
MACH_02	2025-09-04T14:00:00+01:00	199.205
MACH_02	2025-09-04 15:00:00	200.786
MACH_02	2025-09-04 16:00:00	199.163
MACH_02	2025-09-04 17:00:00	198.82
MACH_02	2025-09-04 18:00:00	199.397
MACH_02	2025-09-04T19:00:00+01:00	199.169
MACH_02	2025-09-04 20:00:00	199.193
MACH_02	2025-09-04 21:00:00	199.334
MACH_02	2025-09-04 22:00:00	199.739
MACH_02	2025-09-04 23:00:00	199.496
MACH_02	2025-09-05T00:00:00+01:00	198.789
MACH_02	2025-09-05 01:00:00	199.308
MACH_02	2025-09-05 02:00:00	199.681
MACH_02	2025-09-05 03:00:00	199.227
MACH_02	2025-09-05 04:00:00	200.029
MACH_02	2025-09-05T05:00:00+01:00	199.849
MACH_02	2025-09-05 06:00:00	198.993
MACH_02	2025-09-05 07:00:00	199.683
MACH_02	2025-09-05 08:00:00	200.533
MACH_02	2025-09-05 09:00:00	200.358
MACH_02	2025-09-05T10:00:00+01:00	199.595
MACH_02	2025-09-05 11:00:00	200.035
MACH_02	2025-09-05 12:00:00	199.235
MACH_02	2025-09-05 13:00:00	198.821
MACH_02	2025-09-05 14:00:00	199.825
MACH_02	2025-09-05T15:00:00+01:00	199.715
MACH_02	2025-09-05 16:00:00	199.869
MACH_02	2025-09-05 17:00:00	199.569
MACH_02	2025-09-05 18:00:00	199.736
MACH_02	2025-09-05 19:00:00	199.348
MACH_02	2025-09-05T20:00:00+01:00	199.826
MACH_02	2025-09-05 21:00:00	200.004
MACH_02	2025-09-05 22:00:00	199.568
MACH_02	2025-09-05 23:00:00	199.95
MACH_02	2025-09-06 00:00:00	198.681
MACH_02	2025-09-06T01:00:00+01:00	199.185
MACH_02	2025-09-06 02:00:00	200.318
MACH_02	2025-09-06 03:00:00	200.447
MACH_02	2025-09-06 04:00:00	199.669
MACH_02	2025-09-06 05:00:00	199.475
MACH_02	2025-09-06T06:00:00+01:00	198.901
MACH_02	2025-09-06 07:00:00	199.719
MACH_02	2025-09-06 08:00:00	199.931
MACH_02	2025-09-06 09:00:00	198.856
MACH_02	2025-09-06 10:00:00	199.916
MACH_02	2025-09-06T11:00:00+01:00	199.861
MACH_02	2025-09-06 12:00:00	199.817
MACH_02	2025-09-06 13:00:00	199.085
MACH_02	2025-09-06 14:00:00	199.91
MACH_02	2025-09-06 15:00:00	198.932
MACH_02	2025-09-06T16:00:00+01:00	200.474
MACH_02	2025-09-06 17:00:00	199.782
MACH_02	2025-09-06 18:00:00	199.125
MACH_02	2025-09-06 19:00:00	200.382
MACH_02	2025-09-06 20:00:00	200.262
MACH_02	2025-09-06T21:00:00+01:00	199.331
MACH_02	2025-09-06 22:00:00	200.746
MACH_02	2025-09-06 23:00:00	199.168
MACH_02	2025-09-07 00:00:00	199.814
MACH_02	2025-09-07 01:00:00	200.243
MACH_02	2025-09-07T02:00:00+01:00	198.503
MACH_02	2025-09-07 03:00:00	200.099
MACH_02	2025-09-07 04:00:00	199.611
MACH_02	2025-09-07 05:00:00	199.566
MACH_02	2025-09-07 06:00:00	199.016
MACH_02	2025-09-07T07:00:00+01:00	199.738
MACH_02	2025-09-07 08:00:00	198.976
MACH_02	2025-09-07 09:00:00	199.065
MACH_02	2025-09-07 10:00:00	199.364
MACH_02	2025-09-07 11:00:00	198.949
MACH_02	2025-09-07T12:00:00+01:00	200.356
MACH_02	2025-09-07 13:00:00	198.872
MACH_02	2025-09-07 14:00:00	199.175
MACH_02	2025-09-07 15:00:00	199.398
MACH_02	2025-09-07 16:00:00	199.565
MACH_02	2025-09-07T17:00:00+01:00	200.001
MACH_02	2025-09-07 18:00:00	200.028
MACH_02	2025-09-07 19:00:00	199.509
MACH_02	2025-09-07 20:00:00	199.488
MACH_02	2025-09-07 21:00:00	199.662
MACH_02	2025-09-07T22:00:00+01:00	200.064
MACH_02	2025-09-07 23:00:00	200.017
MACH_02	2025-09-08 00:00:00	199.367
MACH_02	2025-09-08 01:00:00	198.636
MACH_02	2025-09-08 02:00:00	200.74
MACH_02	2025-09-08T03:00:00+01:00	200.156
MACH_02	2025-09-08 04:00:00	199.785
MACH_02	2025-09-08 05:00:00	199.827
MACH_02	2025-09-08 06:00:00	199.405
MACH_02	2025-09-08 07:00:00	199.156
MACH_02	2025-09-08T08:00:00+01:00	199.494
MACH_02	2025-09-08 09:00:00	199.486
MACH_02	2025-09-08 10:00:00	199.326
MACH_02	2025-09-08 11:00:00	198.877
MACH_02	2025-09-08 12:00:00	199.384
MACH_02	2025-09-08T13:00:00+01:00	199.801
MACH_02	2025-09-08 14:00:00	199.24
MACH_02	2025-09-08 15:00:00	199.516
MACH_02	2025-09-08 16:00:00	198.442
MACH_02	2025-09-08 17:00:00	199.383
MACH_02	2025-09-08T18:00:00+01:00	199.398
MACH_02	2025-09-08 19:00:00	198.912
MACH_02	2025-09-08 20:00:00	198.678
MACH_02	2025-09-08 21:00:00	199.808
MACH_02	2025-09-08 22:00:00	199.167
MACH_02	2025-09-08T23:00:00+01:00	199.836
MACH_02	2025-09-09 00:00:00	199.354
MACH_02	2025-09-09 01:00:00	199.894
MACH_02	2025-09-09 02:00:00	199.433
MACH_02	2025-09-09 03:00:00	198.802
MACH_02	2025-09-09T04:00:00+01:00	199.479
MACH_02	2025-09-09 05:00:00	199.323
MACH_02	2025-09-09 06:00:00	199.772
MACH_02	2025-09-09 07:00:00	199.196
MACH_02	2025-09-09 08:00:00	199.197
MACH_02	2025-09-09T09:00:00+01:00	199.78
MACH_02	2025-09-09 10:00:00	199.937
MACH_02	2025-09-09 11:00:00	199.75
MACH_02	2025-09-09 12:00:00	199.85
MACH_02	2025-09-09 13:00:00	199.542
MACH_02	2025-09-09T14:00:00+01:00	199.701
MACH_02	2025-09-09 15:00:00	199.748
MACH_02	2025-09-09 16:00:00	199.491
MACH_02	2025-09-09 17:00:00	199.345
MACH_02	2025-09-09 18:00:00	199.41
MACH_02	2025-09-09T19:00:00+01:00	200.562
MACH_02	2025-09-09 20:00:00	199.361
MACH_02	2025-09-09 21:00:00	199.296
MACH_02	2025-09-09 22:00:00	199.285
MACH_02	2025-09-09 23:00:00	199.438
MACH_02	2025-09-10T00:00:00+01:00	199.574
MACH_02	2025-09-10 01:00:00	198.922
MACH_02	2025-09-10 02:00:00	198.474
MACH_02	2025-09-10 03:00:00	199.624
MACH_02	2025-09-10 04:00:00	198.675
MACH_02	2025-09-10T05:00:00+01:00	199.587
MACH_02	2025-09-10 06:00:00	199.521
MACH_02	2025-09-10 07:00:00	199.98
MACH_02	2025-09-10 08:00:00	200.223
MACH_02	2025-09-10 09:00:00	199.512
MACH_02	2025-09-10T10:00:00+01:00	199.12
MACH_02	2025-09-10 11:00:00	198.855
MACH_02	2025-09-10 12:00:00	199.084
MACH_02	2025-09-10 13:00:00	199.509
MACH_02	2025-09-10 14:00:00	198.484
MACH_02	2025-09-10T15:00:00+01:00	199.595
MACH_02	2025-09-10 16:00:00	199.582
MACH_02	2025-09-10 17:00:00	199.938
MACH_02	2025-09-10 18:00:00	199.422
MACH_02	2025-09-10 19:00:00	199.653
MACH_02	2025-09-10T20:00:00+01:00	199.218
MACH_02	2025-09-10 21:00:00	199.319
MACH_02	2025-09-10 22:00:00	198.63
MACH_02	2025-09-10 23:00:00	199.592
MACH_02	2025-09-11 00:00:00	200.336
MACH_02	2025-09-11T01:00:00+01:00	199.602
MACH_02	2025-09-11 02:00:00	199.756
MACH_02	2025-09-11 03:00:00	199.127
MACH_02	2025-09-11 04:00:00	200.322
MACH_02	2025-09-11 05:00:00	199.209
MACH_02	2025-09-11T06:00:00+01:00	199.991
MACH_02	2025-09-11 07:00:00	199.674
MACH_02	2025-09-11 08:00:00	199.129
MACH_02	2025-09-11 09:00:00	200.089
MACH_02	2025-09-11 10:00:00	199.594
MACH_02	2025-09-11T11:00:00+01:00	199.613
MACH_02	2025-09-11 12:00:00	199.754
MACH_02	2025-09-11 13:00:00	199.552
MACH_02	2025-09-11 14:00:00	199.383
MACH_02	2025-09-11 15:00:00	199.829
MACH_02	2025-09-11T16:00:00+01:00	199.408
MACH_02	2025-09-11 17:00:00	199.665
MACH_02	2025-09-11 18:00:00	199.303
MACH_02	2025-09-11 19:00:00	198.867
MACH_02	2025-09-11 20:00:00	199.269
MACH_02	2025-09-11T21:00:00+01:00	199.356
MACH_02	2025-09-11 22:00:00	199.648
MACH_02	2025-09-11 23:00:00	200.282
MACH_02	2025-09-12 00:00:00	198.858
MACH_02	2025-09-12 01:00:00	199.744
MACH_02	2025-09-12T02:00:00+01:00	198.552
MACH_02	2025-09-12 03:00:00	199.129
MACH_02	2025-09-12 04:00:00	199.44
MACH_02	2025-09-12 05:00:00	198.577
MACH_02	2025-09-12 06:00:00	198.773
MACH_02	2025-09-12T07:00:00+01:00	199.756
MACH_02	2025-09-12 08:00:00	199.745
MACH_02	2025-09-12 09:00:00	199.657
MACH_02	2025-09-12 10:00:00	199.311
MACH_02	2025-09-12 11:00:00	200.793
MACH_02	2025-09-12T12:00:00+01:00	199.686
MACH_02	2025-09-12 13:00:00	199.331
MACH_02	2025-09-12 14:00:00	200.652
MACH_02	2025-09-12 15:00:00	200.157
MACH_02	2025-09-12 16:00:00	199.666
MACH_02	2025-09-12T17:00:00+01:00	200.474
MACH_02	2025-09-12 18:00:00	199.952
MACH_02	2025-09-12 19:00:00	200.171
MACH_02	2025-09-12 20:00:00	199.959
MACH_02	2025-09-12 21:00:00	199.3
MACH_02	2025-09-12T22:00:00+01:00	200.315
MACH_02	2025-09-12 23:00:00	199.91
MACH_02	2025-09-13 00:00:00	199.342
MACH_02	2025-09-13 01:00:00	199.49
MACH_02	2025-09-13 02:00:00	200.256
MACH_02	2025-09-13T03:00:00+01:00	199.603
MACH_02	2025-09-13 04:00:00	199.756
MACH_02	2025-09-13 05:00:00	200.066
MACH_02	2025-09-13 06:00:00	199.776
MACH_02	2025-09-13 07:00:00	198.952
MACH_02	2025-09-13T08:00:00+01:00	200.075
MACH_02	2025-09-13 09:00:00	200.174
MACH_02	2025-09-13 10:00:00	200.144
MACH_02	2025-09-13 11:00:00	200.517
MACH_02	2025-09-13 12:00:00	199.834
MACH_02	2025-09-13T13:00:00+01:00	200.059
MACH_02	2025-09-13 14:00:00	200.467
MACH_02	2025-09-13 15:00:00	199.511
MACH_02	2025-09-13 16:00:00	200.503
MACH_02	2025-09-13 17:00:00	200.599
MACH_02	2025-09-13T18:00:00+01:00	200.111
MACH_02	2025-09-13 19:00:00	200.585
MACH_02	2025-09-13 20:00:00	200.064
MACH_02	2025-09-13 21:00:00	199.186
MACH_02	2025-09-13 22:00:00	200.184
MACH_02	2025-09-13T23:00:00+01:00	199.776
MACH_02	2025-09-14 00:00:00	199.788
MACH_02	2025-09-14 01:00:00	199.675
MACH_02	2025-09-14 02:00:00	200.263
MACH_02	2025-09-14 03:00:00	199.818
MACH_02	2025-09-14T04:00:00+01:00	199.17
MACH_02	2025-09-14 05:00:00	199.749
MACH_02	2025-09-14 06:00:00	199.896
MACH_02	2025-09-14 07:00:00	199.183
MACH_02	2025-09-14 08:00:00	199.319
MACH_02	2025-09-14T09:00:00+01:00	199.345
MACH_02	2025-09-14 10:00:00	199.239
MACH_02	2025-09-14 11:00:00	199.779
MACH_02	2025-09-14 12:00:00	200.095
MACH_02	2025-09-14 13:00:00	200.546
MACH_02	2025-09-14T14:00:00+01:00	200.219
MACH_02	2025-09-14 15:00:00	200.104
MACH_02	2025-09-14 16:00:00	200.17
MACH_02	2025-09-14 17:00:00	200.271
MACH_02	2025-09-14 18:00:00	199.401
MACH_02	2025-09-14T19:00:00+01:00	199.953
MACH_02	2025-09-14 20:00:00	199.798
MACH_02	2025-09-14 21:00:00	199.607
MACH_02	2025-09-14 22:00:00	199.438
MACH_02	2025-09-14 23:00:00	199.418
MACH_03	2025-08-26T00:00:00+01:00	200.586
MACH_03	2025-08-26 01:00:00	200.111
MACH_03	2025-08-26 02:00:00	202.123
MACH_03	2025-08-26 03:00:00	201.049
MACH_03	2025-08-26 04:00:00	200.808
MACH_03	2025-08-26T05:00:00+01:00	201.314
MACH_03	2025-08-26 06:00:00	200.618
MACH_03	2025-08-26 07:00:00	201.771
MACH_03	2025-08-26 08:00:00	200.208
MACH_03	2025-08-26 09:00:00	200.275
MACH_03	2025-08-26T10:00:00+01:00	200.791
MACH_03	2025-08-26 11:00:00	200.419
MACH_03	2025-08-26 12:00:00	201.55
MACH_03	2025-08-26 13:00:00	199.992
MACH_03	2025-08-26 14:00:00	200.44
MACH_03	2025-08-26T15:00:00+01:00	200.967
MACH_03	2025-08-26 16:00:00	201.115
MACH_03	2025-08-26 17:00:00	201.383
MACH_03	2025-08-26 18:00:00	201.109
MACH_03	2025-08-26 19:00:00	202.064
MACH_03	2025-08-26T20:00:00+01:00	200.8
MACH_03	2025-08-26 21:00:00	201.142
MACH_03	2025-08-26 22:00:00	201.46
MACH_03	2025-08-26 23:00:00	200.89
MACH_03	2025-08-27 00:00:00	200.888
MACH_03	2025-08-27T01:00:00+01:00	200.764
MACH_03	2025-08-27 02:00:00	200.635
MACH_03	2025-08-27 03:00:00	200.463
MACH_03	2025-08-27 04:00:00	200.732
MACH_03	2025-08-27 05:00:00	200.236
MACH_03	2025-08-27T06:00:00+01:00	201.177
MACH_03	2025-08-27 07:00:00	200.198
MACH_03	2025-08-27 08:00:00	202.013
MACH_03	2025-08-27 09:00:00	201.819
MACH_03	2025-08-27 10:00:00	201.486
MACH_03	2025-08-27T11:00:00+01:00	200.788
MACH_03	2025-08-27 12:00:00	200.578
MACH_03	2025-08-27 13:00:00	201.49
MACH_03	2025-08-27 14:00:00	201.032
MACH_03	2025-08-27 15:00:00	201.252
MACH_03	2025-08-27T16:00:00+01:00	200.67
MACH_03	2025-08-27 17:00:00	201.574
MACH_03	2025-08-27 18:00:00	200.642
MACH_03	2025-08-27 19:00:00	201.055
MACH_03	2025-08-27 20:00:00	200.14
MACH_03	2025-08-27T21:00:00+01:00	200.611
MACH_03	2025-08-27 22:00:00	201.178
MACH_03	2025-08-27 23:00:00	200.753
MACH_03	2025-08-28 00:00:00	200.765
MACH_03	2025-08-28 01:00:00	201.415
MACH_03	2025-08-28T02:00:00+01:00	200.975
MACH_03	2025-08-28 03:00:00	201.589
MACH_03	2025-08-28 04:00:00	199.753
MACH_03	2025-08-28 05:00:00	201.228
MACH_03	2025-08-28 06:00:00	201.234
MACH_03	2025-08-28T07:00:00+01:00	200.272
MACH_03	2025-08-28 08:00:00	200.373
MACH_03	2025-08-28 09:00:00	201.447
MACH_03	2025-08-28 10:00:00	200.474
MACH_03	2025-08-28 11:00:00	200.679
MACH_03	2025-08-28T12:00:00+01:00	201.257
MACH_03	2025-08-28 13:00:00	200.797
MACH_03	2025-08-28 14:00:00	201.211
MACH_03	2025-08-28 15:00:00	200.554
MACH_03	2025-08-28 16:00:00	201.098
MACH_03	2025-08-28T17:00:00+01:00	201.487
MACH_03	2025-08-28 18:00:00	201.058
MACH_03	2025-08-28 19:00:00	199.832
MACH_03	2025-08-28 20:00:00	201.219
MACH_03	2025-08-28 21:00:00	200.916
MACH_03	2025-08-28T22:00:00+01:00	200.423
MACH_03	2025-08-28 23:00:00	201.551
MACH_03	2025-08-29 00:00:00	199.958
MACH_03	2025-08-29 01:00:00	201.707
MACH_03	2025-08-29 02:00:00	200.512
MACH_03	2025-08-29T03:00:00+01:00	201.619
MACH_03	2025-08-29 04:00:00	200.822
MACH_03	2025-08-29 05:00:00	200.246
MACH_03	2025-08-29 06:00:00	200.953
MACH_03	2025-08-29 07:00:00	201.089
MACH_03	2025-08-29T08:00:00+01:00	201.195
MACH_03	2025-08-29 09:00:00	201.49
MACH_03	2025-08-29 10:00:00	200.531
MACH_03	2025-08-29 11:00:00	201.233
MACH_03	2025-08-29 12:00:00	201.348
MACH_03	2025-08-29T13:00:00+01:00	200.855
MACH_03	2025-08-29 14:00:00	200.56
MACH_03	2025-08-29 15:00:00	200.488
MACH_03	2025-08-29 16:00:00	201.335
MACH_03	2025-08-29 17:00:00	201.348
MACH_03	2025-08-29T18:00:00+01:00	200.529
MACH_03	2025-08-29 19:00:00	200.217
MACH_03	2025-08-29 20:00:00	201.523
MACH_03	2025-08-29 21:00:00	200.109
MACH_03	2025-08-29 22:00:00	200.955
MACH_03	2025-08-29T23:00:00+01:00	200.461
MACH_03	2025-08-30 00:00:00	199.939
MACH_03	2025-08-30 01:00:00	200.862
MACH_03	2025-08-30 02:00:00	200.651
MACH_03	2025-08-30 03:00:00	201.435
MACH_03	2025-08-30T04:00:00+01:00	201.841
MACH_03	2025-08-30 05:00:00	200.617
MACH_03	2025-08-30 06:00:00	201.224
MACH_03	2025-08-30 07:00:00	201.23
MACH_03	2025-08-30 08:00:00	200.515
MACH_03	2025-08-30T09:00:00+01:00	200.358
MACH_03	2025-08-30 10:00:00	201.555
MACH_03	2025-08-30 11:00:00	200.555
MACH_03	2025-08-30 12:00:00	200.705
MACH_03	2025-08-30 13:00:00	200.568
MACH_03	2025-08-30T14:00:00+01:00	200.63
MACH_03	2025-08-30 15:00:00	200.371
MACH_03	2025-08-30 16:00:00	201.094
MACH_03	2025-08-30 17:00:00	201.349
MACH_03	2025-08-30 18:00:00	200.529
MACH_03	2025-08-30T19:00:00+01:00	200.022
MACH_03	2025-08-30 20:00:00	200.728
MACH_03	2025-08-30 21:00:00	200.006
MACH_03	2025-08-30 22:00:00	200.443
MACH_03	2025-08-30 23:00:00	201.408
MACH_03	2025-08-31T00:00:00+01:00	201.858
MACH_03	2025-08-31 01:00:00	200.901
MACH_03	2025-08-31 02:00:00	200.217
MACH_03	2025-08-31 03:00:00	201.195
MACH_03	2025-08-31 04:00:00	199.691
MACH_03	2025-08-31T05:00:00+01:00	200.413
MACH_03	2025-08-31 06:00:00	201.535
MACH_03	2025-08-31 07:00:00	201.131
MACH_03	2025-08-31 08:00:00	200.021
MACH_03	2025-08-31 09:00:00	199.863
MACH_03	2025-08-31T10:00:00+01:00	201.148
MACH_03	2025-08-31 11:00:00	200.736
MACH_03	2025-08-31 12:00:00	200.487
MACH_03	2025-08-31 13:00:00	200.958
MACH_03	2025-08-31 14:00:00	200.543
MACH_03	2025-08-31T15:00:00+01:00	199.839
MACH_03	2025-08-31 16:00:00	201.196
MACH_03	2025-08-31 17:00:00	200.429
MACH_03	2025-08-31 18:00:00	200.293
MACH_03	2025-08-31 19:00:00	200.143
MACH_03	2025-08-31T20:00:00+01:00	200.959
MACH_03	2025-08-31 21:00:00	200.438
MACH_03	2025-08-31 22:00:00	201.148
MACH_03	2025-08-31 23:00:00	200.711
MACH_03	2025-09-01 00:00:00	201.326
MACH_03	2025-09-01T01:00:00+01:00	200.627
MACH_03	2025-09-01 02:00:00	200.522
MACH_03	2025-09-01 03:00:00	199.857
MACH_03	2025-09-01 04:00:00	200.291
MACH_03	2025-09-01 05:00:00	201.207
MACH_03	2025-09-01T06:00:00+01:00	202.417
MACH_03	2025-09-01 07:00:00	200.288
MACH_03	2025-09-01 08:00:00	200.397
MACH_03	2025-09-01 09:00:00	201.067
MACH_03	2025-09-01 10:00:00	201.093
MACH_03	2025-09-01T11:00:00+01:00	200.502
MACH_03	2025-09-01 12:00:00	200.881
MACH_03	2025-09-01 13:00:00	200.036
MACH_03	2025-09-01 14:00:00	200.691
MACH_03	2025-09-01 15:00:00	201.311
MACH_03	2025-09-01T16:00:00+01:00	201.691
MACH_03	2025-09-01 17:00:00	200.804
MACH_03	2025-09-01 18:00:00	200.779
MACH_03	2025-09-01 19:00:00	201.14
MACH_03	2025-09-01 20:00:00	201.467
MACH_03	2025-09-01T21:00:00+01:00	201.174
MACH_03	2025-09-01 22:00:00	200.507
MACH_03	2025-09-01 23:00:00	201.097
MACH_03	2025-09-02 00:00:00	201.364
MACH_03	2025-09-02 01:00:00	200.555
MACH_03	2025-09-02T02:00:00+01:00	200.246
MACH_03	2025-09-02 03:00:00	201.199
MACH_03	2025-09-02 04:00:00	201.13
MACH_03	2025-09-02 05:00:00	201.402
MACH_03	2025-09-02 06:00:00	200.999
MACH_03	2025-09-02T07:00:00+01:00	200.642
MACH_03	2025-09-02 08:00:00	200.75
MACH_03	2025-09-02 09:00:00	200.46
MACH_03	2025-09-02 10:00:00	200.532
MACH_03	2025-09-02 11:00:00	200.75
MACH_03	2025-09-02T12:00:00+01:00	200.797
MACH_03	2025-09-02 13:00:00	201.547
MACH_03	2025-09-02 14:00:00	200.372
MACH_03	2025-09-02 15:00:00	200.963
MACH_03	2025-09-02 16:00:00	200.75
MACH_03	2025-09-02T17:00:00+01:00	201.796
MACH_03	2025-09-02 18:00:00	201.185
MACH_03	2025-09-02 19:00:00	200.907
MACH_03	2025-09-02 20:00:00	201.496
MACH_03	2025-09-02 21:00:00	201.125
MACH_03	2025-09-02T22:00:00+01:00	200.862
MACH_03	2025-09-02 23:00:00	201.819
MACH_03	2025-09-03 00:00:00	201.439
MACH_03	2025-09-03 01:00:00	201.96
MACH_03	2025-09-03 02:00:00	201.669
MACH_03	2025-09-03T03:00:00+01:00	201.447
MACH_03	2025-09-03 04:00:00	201.135
MACH_03	2025-09-03 05:00:00	200.574
MACH_03	2025-09-03 06:00:00	201.448
MACH_03	2025-09-03 07:00:00	201.102
MACH_03	2025-09-03T08:00:00+01:00	201.416
MACH_03	2025-09-03 09:00:00	201.03
MACH_03	2025-09-03 10:00:00	200.626
MACH_03	2025-09-03 11:00:00	200.457
MACH_03	2025-09-03 12:00:00	201.286
MACH_03	2025-09-03T13:00:00+01:00	201.575
MACH_03	2025-09-03 14:00:00	200.774
MACH_03	2025-09-03 15:00:00	201.155
MACH_03	2025-09-03 16:00:00	201.612
MACH_03	2025-09-03 17:00:00	200.494
MACH_03	2025-09-03T18:00:00+01:00	200.727
MACH_03	2025-09-03 19:00:00	200.361
MACH_03	2025-09-03 20:00:00	201.534
MACH_03	2025-09-03 21:00:00	201.107
MACH_03	2025-09-03 22:00:00	200.77
MACH_03	2025-09-03T23:00:00+01:00	200.08
MACH_03	2025-09-04 00:00:00	200.785
MACH_03	2025-09-04 01:00:00	201.363
MACH_03	2025-09-04 02:00:00	200.728
MACH_03	2025-09-04 03:00:00	200.618
MACH_03	2025-09-04T04:00:00+01:00	201.191
MACH_03	2025-09-04 05:00:00	200.271
MACH_03	2025-09-04 06:00:00	200.893
MACH_03	2025-09-04 07:00:00	201.171
MACH_03	2025-09-04 08:00:00	200.478
MACH_03	2025-09-04T09:00:00+01:00	200.433
MACH_03	2025-09-04 10:00:00	200.985
MACH_03	2025-09-04 11:00:00	200.801
MACH_03	2025-09-04 12:00:00	200.692
MACH_03	2025-09-04 13:00:00	200.895
MACH_03	2025-09-04T14:00:00+01:00	200.901
MACH_03	2025-09-04 15:00:00	200.301
MACH_03	2025-09-04 16:00:00	200.469
MACH_03	2025-09-04 17:00:00	200.992
MACH_03	2025-09-04 18:00:00	201.381
MACH_03	2025-09-04T19:00:00+01:00	201.525
MACH_03	2025-09-04 20:00:00	200.406
MACH_03	2025-09-04 21:00:00	201.376
MACH_03	2025-09-04 22:00:00	201.246
MACH_03	2025-09-04 23:00:00	200.851
MACH_03	2025-09-05T00:00:00+01:00	201.075
MACH_03	2025-09-05 01:00:00	201.25
MACH_03	2025-09-05 02:00:00	201.787
MACH_03	2025-09-05 03:00:00	200.334
MACH_03	2025-09-05 04:00:00	201.174
MACH_03	2025-09-05T05:00:00+01:00	200.809
MACH_03	2025-09-05 06:00:00	200.774
MACH_03	2025-09-05 07:00:00	201.436
MACH_03	2025-09-05 08:00:00	201.265
MACH_03	2025-09-05 09:00:00	200.39
MACH_03	2025-09-05T10:00:00+01:00	200.773
MACH_03	2025-09-05 11:00:00	200.998
MACH_03	2025-09-05 12:00:00	200.234
MACH_03	2025-09-05 13:00:00	201.325
MACH_03	2025-09-05 14:00:00	200.882
MACH_03	2025-09-05T15:00:00+01:00	201.007
MACH_03	2025-09-05 16:00:00	201.131
MACH_03	2025-09-05 17:00:00	201.873
MACH_03	2025-09-05 18:00:00	201.03
MACH_03	2025-09-05 19:00:00	200.836
MACH_03	2025-09-05T20:00:00+01:00	201.906
MACH_03	2025-09-05 21:00:00	200.809
MACH_03	2025-09-05 22:00:00	200.864
MACH_03	2025-09-05 23:00:00	200.418
MACH_03	2025-09-06 00:00:00	201.678
MACH_03	2025-09-06T01:00:00+01:00	201.294
MACH_03	2025-09-06 02:00:00	201.4
MACH_03	2025-09-06 03:00:00	201.234
MACH_03	2025-09-06 04:00:00	201.101
MACH_03	2025-09-06 05:00:00	200.737
MACH_03	2025-09-06T06:00:00+01:00	200.701
MACH_03	2025-09-06 07:00:00	201.324
MACH_03	2025-09-06 08:00:00	201.127
MACH_03	2025-09-06 09:00:00	201.919
MACH_03	2025-09-06 10:00:00	200.73
MACH_03	2025-09-06T11:00:00+01:00	200.874
MACH_03	2025-09-06 12:00:00	200.615
MACH_03	2025-09-06 13:00:00	201.817
MACH_03	2025-09-06 14:00:00	200.519
MACH_03	2025-09-06 15:00:00	201.502
MACH_03	2025-09-06T16:00:00+01:00	201.83
MACH_03	2025-09-06 17:00:00	201.083
MACH_03	2025-09-06 18:00:00	201.547
MACH_03	2025-09-06 19:00:00	200.177
MACH_03	2025-09-06 20:00:00	201.051
MACH_03	2025-09-06T21:00:00+01:00	200.419
MACH_03	2025-09-06 22:00:00	201.276
MACH_03	2025-09-06 23:00:00	201.217
MACH_03	2025-09-07 00:00:00	200.86
MACH_03	2025-09-07 01:00:00	201.697
MACH_03	2025-09-07T02:00:00+01:00	201.433
MACH_03	2025-09-07 03:00:00	201.039
MACH_03	2025-09-07 04:00:00	201.05
MACH_03	2025-09-07 05:00:00	200.61
MACH_03	2025-09-07 06:00:00	201.257
MACH_03	2025-09-07T07:00:00+01:00	202.347
MACH_03	2025-09-07 08:00:00	200.936
MACH_03	2025-09-07 09:00:00	201.485
MACH_03	2025-09-07 10:00:00	201.024
MACH_03	2025-09-07 11:00:00	201.669
MACH_03	2025-09-07T12:00:00+01:00	201.479
MACH_03	2025-09-07 13:00:00	201.119
MACH_03	2025-09-07 14:00:00	200.354
MACH_03	2025-09-07 15:00:00	200.986
MACH_03	2025-09-07 16:00:00	201.865
MACH_03	2025-09-07T17:00:00+01:00	201.177
MACH_03	2025-09-07 18:00:00	201.616
MACH_03	2025-09-07 19:00:00	201.077
MACH_03	2025-09-07 20:00:00	200.398
MACH_03	2025-09-07 21:00:00	201.537
MACH_03	2025-09-07T22:00:00+01:00	201.533
MACH_03	2025-09-07 23:00:00	201.017
MACH_03	2025-09-08 00:00:00	201.117
MACH_03	2025-09-08 01:00:00	201.455
MACH_03	2025-09-08 02:00:00	201.055
MACH_03	2025-09-08T03:00:00+01:00	201.488
MACH_03	2025-09-08 04:00:00	201.23
MACH_03	2025-09-08 05:00:00	200.193
MACH_03	2025-09-08 06:00:00	201.276
MACH_03	2025-09-08 07:00:00	200.997
MACH_03	2025-09-08T08:00:00+01:00	200.87
MACH_03	2025-09-08 09:00:00	201.449
MACH_03	2025-09-08 10:00:00	201.031
MACH_03	2025-09-08 11:00:00	201.516
MACH_03	2025-09-08 12:00:00	201.845
MACH_03	2025-09-08T13:00:00+01:00	201.382
MACH_03	2025-09-08 14:00:00	200.525
MACH_03	2025-09-08 15:00:00	200.916
MACH_03	2025-09-08 16:00:00	201.698
MACH_03	2025-09-08 17:00:00	201.133
MACH_03	2025-09-08T18:00:00+01:00	200.909
MACH_03	2025-09-08 19:00:00	201.259
MACH_03	2025-09-08 20:00:00	201.583
MACH_03	2025-09-08 21:00:00	201.436
MACH_03	2025-09-08 22:00:00	201.639
MACH_03	2025-09-08T23:00:00+01:00	200.984
MACH_03	2025-09-09 00:00:00	201.216
MACH_03	2025-09-09 01:00:00	201.266
MACH_03	2025-09-09 02:00:00	201.418
MACH_03	2025-09-09 03:00:00	200.339
MACH_03	2025-09-09T04:00:00+01:00	201.217
MACH_03	2025-09-09 05:00:00	200.644
MACH_03	2025-09-09 06:00:00	202.025
MACH_03	2025-09-09 07:00:00	202.097
MACH_03	2025-09-09 08:00:00	202.156
MACH_03	2025-09-09T09:00:00+01:00	201.749
MACH_03	2025-09-09 10:00:00	201.115
MACH_03	2025-09-09 11:00:00	201.838
MACH_03	2025-09-09 12:00:00	201.258
MACH_03	2025-09-09 13:00:00	201.695
MACH_03	2025-09-09T14:00:00+01:00	200.926
MACH_03	2025-09-09 15:00:00	201.134
MACH_03	2025-09-09 16:00:00	201.647
MACH_03	2025-09-09 17:00:00	202.271
MACH_03	2025-09-09 18:00:00	201.405
MACH_03	2025-09-09T19:00:00+01:00	202.547
MACH_03	2025-09-09 20:00:00	202.738
MACH_03	2025-09-09 21:00:00	200.751
MACH_03	2025-09-09 22:00:00	201.333
MACH_03	2025-09-09 23:00:00	200.854
MACH_03	2025-09-10T00:00:00+01:00	201.281
MACH_03	2025-09-10 01:00:00	201.062
MACH_03	2025-09-10 02:00:00	201.306
MACH_03	2025-09-10 03:00:00	201.807
MACH_03	2025-09-10 04:00:00	201.855
MACH_03	2025-09-10T05:00:00+01:00	201.518
MACH_03	2025-09-10 06:00:00	201.358
MACH_03	2025-09-10 07:00:00	201.385
MACH_03	2025-09-10 08:00:00	201.364
MACH_03	2025-09-10 09:00:00	201.591
MACH_03	2025-09-10T10:00:00+01:00	201.312
MACH_03	2025-09-10 11:00:00	201.589
MACH_03	2025-09-10 12:00:00	200.7
MACH_03	2025-09-10 13:00:00	201.746
MACH_03	2025-09-10 14:00:00	202.229
MACH_03	2025-09-10T15:00:00+01:00	201.454
MACH_03	2025-09-10 16:00:00	200.676
MACH_03	2025-09-10 17:00:00	202.068
MACH_03	2025-09-10 18:00:00	201.263
MACH_03	2025-09-10 19:00:00	199.934
MACH_03	2025-09-10T20:00:00+01:00	201.253
MACH_03	2025-09-10 21:00:00	201.638
MACH_03	2025-09-10 22:00:00	201.539
MACH_03	2025-09-10 23:00:00	201.89
MACH_03	2025-09-11 00:00:00	201.571
MACH_03	2025-09-11T01:00:00+01:00	201.341
MACH_03	2025-09-11 02:00:00	200.287
MACH_03	2025-09-11 03:00:00	200.682
MACH_03	2025-09-11 04:00:00	201.376
MACH_03	2025-09-11 05:00:00	201.666
MACH_03	2025-09-11T06:00:00+01:00	200.817
MACH_03	2025-09-11 07:00:00	201.064
MACH_03	2025-09-11 08:00:00	201.64
MACH_03	2025-09-11 09:00:00	200.431
MACH_03	2025-09-11 10:00:00	200.495
MACH_03	2025-09-11T11:00:00+01:00	201.317
MACH_03	2025-09-11 12:00:00	201.55
MACH_03	2025-09-11 13:00:00	201.157
MACH_03	2025-09-11 14:00:00	200.263
MACH_03	2025-09-11 15:00:00	201.372
MACH_03	2025-09-11T16:00:00+01:00	200.705
MACH_03	2025-09-11 17:00:00	201.72
MACH_03	2025-09-11 18:00:00	201.354
MACH_03	2025-09-11 19:00:00	201.529
MACH_03	2025-09-11 20:00:00	201.763
MACH_03	2025-09-11T21:00:00+01:00	201.16
MACH_03	2025-09-11 22:00:00	201.861
MACH_03	2025-09-11 23:00:00	202.059
MACH_03	2025-09-12 00:00:00	201.649
MACH_03	2025-09-12 01:00:00	202.113
MACH_03	2025-09-12T02:00:00+01:00	201.15
MACH_03	2025-09-12 03:00:00	201.914
MACH_03	2025-09-12 04:00:00	201.572
MACH_03	2025-09-12 05:00:00	200.935
MACH_03	2025-09-12 06:00:00	201.399
MACH_03	2025-09-12T07:00:00+01:00	201.174
MACH_03	2025-09-12 08:00:00	201.129
MACH_03	2025-09-12 09:00:00	201.426
MACH_03	2025-09-12 10:00:00	201.889
MACH_03	2025-09-12 11:00:00	201.206
MACH_03	2025-09-12T12:00:00+01:00	201.432
MACH_03	2025-09-12 13:00:00	200.647
MACH_03	2025-09-12 14:00:00	201.409
MACH_03	2025-09-12 15:00:00	201.929
MACH_03	2025-09-12 16:00:00	201.719
MACH_03	2025-09-12T17:00:00+01:00	201.468
MACH_03	2025-09-12 18:00:00	200.972
MACH_03	2025-09-12 19:00:00	200.701
MACH_03	2025-09-12 20:00:00	201.11
MACH_03	2025-09-12 21:00:00	200.459
MACH_03	2025-09-12T22:00:00+01:00	200.531
MACH_03	2025-09-12 23:00:00	201.573
MACH_03	2025-09-13 00:00:00	200.662
MACH_03	2025-09-13 01:00:00	201.991
MACH_03	2025-09-13 02:00:00	200.359
MACH_03	2025-09-13T03:00:00+01:00	201.233
MACH_03	2025-09-13 04:00:00	200.454
MACH_03	2025-09-13 05:00:00	201.133
MACH_03	2025-09-13 06:00:00	200.556
MACH_03	2025-09-13 07:00:00	201.147
MACH_03	2025-09-13T08:00:00+01:00	201.058
MACH_03	2025-09-13 09:00:00	200.921
MACH_03	2025-09-13 10:00:00	201.395
MACH_03	2025-09-13 11:00:00	201.893
MACH_03	2025-09-13 12:00:00	200.843
MACH_03	2025-09-13T13:00:00+01:00	201.548
MACH_03	2025-09-13 14:00:00	201.212
MACH_03	2025-09-13 15:00:00	201.1
MACH_03	2025-09-13 16:00:00	202.209
MACH_03	2025-09-13 17:00:00	200.062
MACH_03	2025-09-13T18:00:00+01:00	200.805
MACH_03	2025-09-13 19:00:00	200.217
MACH_03	2025-09-13 20:00:00	200.953
MACH_03	2025-09-13 21:00:00	200.981
MACH_03	2025-09-13 22:00:00	202.95
MACH_03	2025-09-13T23:00:00+01:00	201.233
MACH_03	2025-09-14 00:00:00	201.939
MACH_03	2025-09-14 01:00:00	201.677
MACH_03	2025-09-14 02:00:00	200.836
MACH_03	2025-09-14 03:00:00	201.26
MACH_03	2025-09-14T04:00:00+01:00	201.863
MACH_03	2025-09-14 05:00:00	201.104
MACH_03	2025-09-14 06:00:00	201.134
MACH_03	2025-09-14 07:00:00	201.282
MACH_03	2025-09-14 08:00:00	200.295
MACH_03	2025-09-14T09:00:00+01:00	200.608
MACH_03	2025-09-14 10:00:00	201.154
MACH_03	2025-09-14 11:00:00	201.232
MACH_03	2025-09-14 12:00:00	200.512
MACH_03	2025-09-14 13:00:00	200.829
MACH_03	2025-09-14T14:00:00+01:00	200.96
MACH_03	2025-09-14 15:00:00	200.931
MACH_03	2025-09-14 16:00:00	201.352
MACH_03	2025-09-14 17:00:00	201.013
MACH_03	2025-09-14 18:00:00	200.975
MACH_03	2025-09-14T19:00:00+01:00	200.166
MACH_03	2025-09-14 20:00:00	200.325
MACH_03	2025-09-14 21:00:00	200.959
MACH_03	2025-09-14 22:00:00	199.956
MACH_03	2025-09-14 23:00:00	200.895
MACH_04	2025-08-26T00:00:00+01:00	202.465
MACH_04	2025-08-26 01:00:00	203.104
MACH_04	2025-08-26 02:00:00	202.133
MACH_04	2025-08-26 03:00:00	202.478
MACH_04	2025-08-26 04:00:00	202.583
MACH_04	2025-08-26T05:00:00+01:00	202.922
MACH_04	2025-08-26 06:00:00	202.205
MACH_04	2025-08-26 07:00:00	203.5
MACH_04	2025-08-26 08:00:00	202.747
MACH_04	2025-08-26 09:00:00	202.769
MACH_04	2025-08-26T10:00:00+01:00	202.711
MACH_04	2025-08-26 11:00:00	202.585
MACH_04	2025-08-26 12:00:00	202.421
MACH_04	2025-08-26 13:00:00	203.397
MACH_04	2025-08-26 14:00:00	202.969
MACH_04	2025-08-26T15:00:00+01:00	202.781
MACH_04	2025-08-26 16:00:00	203.324
MACH_04	2025-08-26 17:00:00	202.44
MACH_04	2025-08-26 18:00:00	203.068
MACH_04	2025-08-26 19:00:00	202.752
MACH_04	2025-08-26T20:00:00+01:00	202.327
MACH_04	2025-08-26 21:00:00	203.165
MACH_04	2025-08-26 22:00:00	202.034
MACH_04	2025-08-26 23:00:00	203.106
MACH_04	2025-08-27 00:00:00	202.337
MACH_04	2025-08-27T01:00:00+01:00	202.977
MACH_04	2025-08-27 02:00:00	203.46
MACH_04	2025-08-27 03:00:00	203.076
MACH_04	2025-08-27 04:00:00	202.48
MACH_04	2025-08-27 05:00:00	202.758
MACH_04	2025-08-27T06:00:00+01:00	202.596
MACH_04	2025-08-27 07:00:00	202.201
MACH_04	2025-08-27 08:00:00	202.208
MACH_04	2025-08-27 09:00:00	202.825
MACH_04	2025-08-27 10:00:00	203.053
MACH_04	2025-08-27T11:00:00+01:00	201.941
MACH_04	2025-08-27 12:00:00	202.78
MACH_04	2025-08-27 13:00:00	203.1
MACH_04	2025-08-27 14:00:00	202.838
MACH_04	2025-08-27 15:00:00	202.35
MACH_04	2025-08-27T16:00:00+01:00	203.346
MACH_04	2025-08-27 17:00:00	202.2
MACH_04	2025-08-27 18:00:00	203.12
MACH_04	2025-08-27 19:00:00	203.655
MACH_04	2025-08-27 20:00:00	201.877
MACH_04	2025-08-27T21:00:00+01:00	202.969
MACH_04	2025-08-27 22:00:00	202.982
MACH_04	2025-08-27 23:00:00	202.978
MACH_04	2025-08-28 00:00:00	202.446
MACH_04	2025-08-28 01:00:00	202.663
MACH_04	2025-08-28T02:00:00+01:00	202.12
MACH_04	2025-08-28 03:00:00	202.935
MACH_04	2025-08-28 04:00:00	203.124
MACH_04	2025-08-28 05:00:00	202.571
MACH_04	2025-08-28 06:00:00	202.422
MACH_04	2025-08-28T07:00:00+01:00	202.619
MACH_04	2025-08-28 08:00:00	202.876
MACH_04	2025-08-28 09:00:00	202.928
MACH_04	2025-08-28 10:00:00	202.794
MACH_04	2025-08-28 11:00:00	202.897
MACH_04	2025-08-28T12:00:00+01:00	202.238
MACH_04	2025-08-28 13:00:00	201.521
MACH_04	2025-08-28 14:00:00	203.17
MACH_04	2025-08-28 15:00:00	203.572
MACH_04	2025-08-28 16:00:00	202.163
MACH_04	2025-08-28T17:00:00+01:00	202.513
MACH_04	2025-08-28 18:00:00	202.966
MACH_04	2025-08-28 19:00:00	203.278
MACH_04	2025-08-28 20:00:00	203.087
MACH_04	2025-08-28 21:00:00	203.394
MACH_04	2025-08-28T22:00:00+01:00	202.694
MACH_04	2025-08-28 23:00:00	202.925
MACH_04	2025-08-29 00:00:00	202.92
MACH_04	2025-08-29 01:00:00	202.475
MACH_04	2025-08-29 02:00:00	203.3
MACH_04	2025-08-29T03:00:00+01:00	203.073
MACH_04	2025-08-29 04:00:00	203.286
MACH_04	2025-08-29 05:00:00	202.573
MACH_04	2025-08-29 06:00:00	203.306
MACH_04	2025-08-29 07:00:00	202.29
MACH_04	2025-08-29T08:00:00+01:00	202.997
MACH_04	2025-08-29 09:00:00	201.504
MACH_04	2025-08-29 10:00:00	202.289
MACH_04	2025-08-29 11:00:00	203.185
MACH_04	2025-08-29 12:00:00	202.618
MACH_04	2025-08-29T13:00:00+01:00	202.911
MACH_04	2025-08-29 14:00:00	202.01
MACH_04	2025-08-29 15:00:00	203.549
MACH_04	2025-08-29 16:00:00	203.099
MACH_04	2025-08-29 17:00:00	202.849
MACH_04	2025-08-29T18:00:00+01:00	203.033
MACH_04	2025-08-29 19:00:00	202.989
MACH_04	2025-08-29 20:00:00	203.509
MACH_04	2025-08-29 21:00:00	202.897
MACH_04	2025-08-29 22:00:00	202.083
MACH_04	2025-08-29T23:00:00+01:00	202.693
MACH_04	2025-08-30 00:00:00	203.403
MACH_04	2025-08-30 01:00:00	203.022
MACH_04	2025-08-30 02:00:00	202.572
MACH_04	2025-08-30 03:00:00	203.085
MACH_04	2025-08-30T04:00:00+01:00	202.858
MACH_04	2025-08-30 05:00:00	203.083
MACH_04	2025-08-30 06:00:00	201.996
MACH_04	2025-08-30 07:00:00	202.346
MACH_04	2025-08-30 08:00:00	203.095
MACH_04	2025-08-30T09:00:00+01:00	202.626
MACH_04	2025-08-30 10:00:00	202.906
MACH_04	2025-08-30 11:00:00	203.718
MACH_04	2025-08-30 12:00:00	202.576
MACH_04	2025-08-30 13:00:00	202.877
MACH_04	2025-08-30T14:00:00+01:00	202.506
MACH_04	2025-08-30 15:00:00	202.446
MACH_04	2025-08-30 16:00:00	202.714
MACH_04	2025-08-30 17:00:00	202.039
MACH_04	2025-08-30 18:00:00	201.738
MACH_04	2025-08-30T19:00:00+01:00	203.453
MACH_04	2025-08-30 20:00:00	202.695
MACH_04	2025-08-30 21:00:00	203.254
MACH_04	2025-08-30 22:00:00	202.794
MACH_04	2025-08-30 23:00:00	202.809
MACH_04	2025-08-31T00:00:00+01:00	203.076
MACH_04	2025-08-31 01:00:00	203.108
MACH_04	2025-08-31 02:00:00	202.213
MACH_04	2025-08-31 03:00:00	203.355
MACH_04	2025-08-31 04:00:00	202.321
MACH_04	2025-08-31T05:00:00+01:00	202.87
MACH_04	2025-08-31 06:00:00	204.04
MACH_04	2025-08-31 07:00:00	202.869
MACH_04	2025-08-31 08:00:00	203.602
MACH_04	2025-08-31 09:00:00	202.629
MACH_04	2025-08-31T10:00:00+01:00	203.09
MACH_04	2025-08-31 11:00:00	202.805
MACH_04	2025-08-31 12:00:00	202.984
MACH_04	2025-08-31 13:00:00	202.33
MACH_04	2025-08-31 14:00:00	202.27
MACH_04	2025-08-31T15:00:00+01:00	202.901
MACH_04	2025-08-31 16:00:00	201.998
MACH_04	2025-08-31 17:00:00	202.331
MACH_04	2025-08-31 18:00:00	203.012
MACH_04	2025-08-31 19:00:00	202.466
MACH_04	2025-08-31T20:00:00+01:00	202.364
MACH_04	2025-08-31 21:00:00	202.267
MACH_04	2025-08-31 22:00:00	202.848
MACH_04	2025-08-31 23:00:00	202.58
MACH_04	2025-09-01 00:00:00	202.838
MACH_04	2025-09-01T01:00:00+01:00	202.643
MACH_04	2025-09-01 02:00:00	203.685
MACH_04	2025-09-01 03:00:00	202.571
MACH_04	2025-09-01 04:00:00	201.839
MACH_04	2025-09-01 05:00:00	202.82
MACH_04	2025-09-01T06:00:00+01:00	202.737
MACH_04	2025-09-01 07:00:00	202.788
MACH_04	2025-09-01 08:00:00	201.935
MACH_04	2025-09-01 09:00:00	203.262
MACH_04	2025-09-01 10:00:00	202.685
MACH_04	2025-09-01T11:00:00+01:00	202.688
MACH_04	2025-09-01 12:00:00	201.942
MACH_04	2025-09-01 13:00:00	202.988
MACH_04	2025-09-01 14:00:00	202.718
MACH_04	2025-09-01 15:00:00	203.378
MACH_04	2025-09-01T16:00:00+01:00	202.515
MACH_04	2025-09-01 17:00:00	202.158
MACH_04	2025-09-01 18:00:00	202.805
MACH_04	2025-09-01 19:00:00	202.298
MACH_04	2025-09-01 20:00:00	202.934
MACH_04	2025-09-01T21:00:00+01:00	202.215
MACH_04	2025-09-01 22:00:00	202.686
MACH_04	2025-09-01 23:00:00	202.614
MACH_04	2025-09-02 00:00:00	202.7
MACH_04	2025-09-02 01:00:00	202.493
MACH_04	2025-09-02T02:00:00+01:00	202.38
MACH_04	2025-09-02 03:00:00	202.772
MACH_04	2025-09-02 04:00:00	202.543
MACH_04	2025-09-02 05:00:00	202.889
MACH_04	2025-09-02 06:00:00	202.67
MACH_04	2025-09-02T07:00:00+01:00	201.737
MACH_04	2025-09-02 08:00:00	202.763
MACH_04	2025-09-02 09:00:00	203.466
MACH_04	2025-09-02 10:00:00	202.882
MACH_04	2025-09-02 11:00:00	203.014
MACH_04	2025-09-02T12:00:00+01:00	202.922
MACH_04	2025-09-02 13:00:00	202.437
MACH_04	2025-09-02 14:00:00	202.033
MACH_04	2025-09-02 15:00:00	203.051
MACH_04	2025-09-02 16:00:00	203.158
MACH_04	2025-09-02T17:00:00+01:00	202.912
MACH_04	2025-09-02 18:00:00	202.82
MACH_04	2025-09-02 19:00:00	202.847
MACH_04	2025-09-02 20:00:00	202.627
MACH_04	2025-09-02 21:00:00	202.778
MACH_04	2025-09-02T22:00:00+01:00	202.611
MACH_04	2025-09-02 23:00:00	202.748
MACH_04	2025-09-03 00:00:00	202.123
MACH_04	2025-09-03 01:00:00	202.266
MACH_04	2025-09-03 02:00:00	202.827
MACH_04	2025-09-03T03:00:00+01:00	202.391
MACH_04	2025-09-03 04:00:00	201.431
MACH_04	2025-09-03 05:00:00	202.656
MACH_04	2025-09-03 06:00:00	201.486
MACH_04	2025-09-03 07:00:00	203.501
MACH_04	2025-09-03T08:00:00+01:00	202.999
MACH_04	2025-09-03 09:00:00	203.023
MACH_04	2025-09-03 10:00:00	202.394
MACH_04	2025-09-03 11:00:00	202.19
MACH_04	2025-09-03 12:00:00	202.61
MACH_04	2025-09-03T13:00:00+01:00	202.717
MACH_04	2025-09-03 14:00:00	202.341
MACH_04	2025-09-03 15:00:00	202.791
MACH_04	2025-09-03 16:00:00	203.02
MACH_04	2025-09-03 17:00:00	202.954
MACH_04	2025-09-03T18:00:00+01:00	202.18
MACH_04	2025-09-03 19:00:00	201.647
MACH_04	2025-09-03 20:00:00	202.627
MACH_04	2025-09-03 21:00:00	202.31
MACH_04	2025-09-03 22:00:00	202.878
MACH_04	2025-09-03T23:00:00+01:00	203.433
MACH_04	2025-09-04 00:00:00	203.438
MACH_04	2025-09-04 01:00:00	202.744
MACH_04	2025-09-04 02:00:00	203.163
MACH_04	2025-09-04 03:00:00	203.386
MACH_04	2025-09-04T04:00:00+01:00	202.582
MACH_04	2025-09-04 05:00:00	202.68
MACH_04	2025-09-04 06:00:00	203.027
MACH_04	2025-09-04 07:00:00	202.583
MACH_04	2025-09-04 08:00:00	202.323
MACH_04	2025-09-04T09:00:00+01:00	202.216
MACH_04	2025-09-04 10:00:00	202.584
MACH_04	2025-09-04 11:00:00	202.332
MACH_04	2025-09-04 12:00:00	202.973
MACH_04	2025-09-04 13:00:00	202.384
MACH_04	2025-09-04T14:00:00+01:00	203.235
MACH_04	2025-09-04 15:00:00	203.124
MACH_04	2025-09-04 16:00:00	201.961
MACH_04	2025-09-04 17:00:00	203.103
MACH_04	2025-09-04 18:00:00	202.349
MACH_04	2025-09-04T19:00:00+01:00	203.172
MACH_04	2025-09-04 20:00:00	202.757
MACH_04	2025-09-04 21:00:00	202.514
MACH_04	2025-09-04 22:00:00	202.871
MACH_04	2025-09-04 23:00:00	202.27
MACH_04	2025-09-05T00:00:00+01:00	202.663
MACH_04	2025-09-05 01:00:00	202.715
MACH_04	2025-09-05 02:00:00	202.488
MACH_04	2025-09-05 03:00:00	202.823
MACH_04	2025-09-05 04:00:00	202.155
MACH_04	2025-09-05T05:00:00+01:00	202.945
MACH_04	2025-09-05 06:00:00	202.065
MACH_04	2025-09-05 07:00:00	202.924
MACH_04	2025-09-05 08:00:00	202.831
MACH_04	2025-09-05 09:00:00	202.93
MACH_04	2025-09-05T10:00:00+01:00	202.3
MACH_04	2025-09-05 11:00:00	203.996
MACH_04	2025-09-05 12:00:00	202.439
MACH_04	2025-09-05 13:00:00	202.606
MACH_04	2025-09-05 14:00:00	202.193
MACH_04	2025-09-05T15:00:00+01:00	203.231
MACH_04	2025-09-05 16:00:00	202.325
MACH_04	2025-09-05 17:00:00	203.065
MACH_04	2025-09-05 18:00:00	202.151
MACH_04	2025-09-05 19:00:00	202.753
MACH_04	2025-09-05T20:00:00+01:00	202.428
MACH_04	2025-09-05 21:00:00	203.048
MACH_04	2025-09-05 22:00:00	202.484
MACH_04	2025-09-05 23:00:00	202.188
MACH_04	2025-09-06 00:00:00	202.846
MACH_04	2025-09-06T01:00:00+01:00	202.11
MACH_04	2025-09-06 02:00:00	202.255
MACH_04	2025-09-06 03:00:00	203.06
MACH_04	2025-09-06 04:00:00	201.759
MACH_04	2025-09-06 05:00:00	202.995
MACH_04	2025-09-06T06:00:00+01:00	202.448
MACH_04	2025-09-06 07:00:00	202.228
MACH_04	2025-09-06 08:00:00	202.772
MACH_04	2025-09-06 09:00:00	202.947
MACH_04	2025-09-06 10:00:00	202.414
MACH_04	2025-09-06T11:00:00+01:00	202.588
MACH_04	2025-09-06 12:00:00	203.081
MACH_04	2025-09-06 13:00:00	203.085
MACH_04	2025-09-06 14:00:00	202.664
MACH_04	2025-09-06 15:00:00	202.332
MACH_04	2025-09-06T16:00:00+01:00	202.232
MACH_04	2025-09-06 17:00:00	202.369
MACH_04	2025-09-06 18:00:00	202.918
MACH_04	2025-09-06 19:00:00	202.823
MACH_04	2025-09-06 20:00:00	202.705
MACH_04	2025-09-06T21:00:00+01:00	203.208
MACH_04	2025-09-06 22:00:00	202.415
MACH_04	2025-09-06 23:00:00	202.346
MACH_04	2025-09-07 00:00:00	202.334
MACH_04	2025-09-07 01:00:00	203.411
MACH_04	2025-09-07T02:00:00+01:00	201.489
MACH_04	2025-09-07 03:00:00	202.549
MACH_04	2025-09-07 04:00:00	202.635
MACH_04	2025-09-07 05:00:00	202.458
MACH_04	2025-09-07 06:00:00	203.504
MACH_04	2025-09-07T07:00:00+01:00	202.95
MACH_04	2025-09-07 08:00:00	202.78
MACH_04	2025-09-07 09:00:00	202.046
MACH_04	2025-09-07 10:00:00	202.678
MACH_04	2025-09-07 11:00:00	202.285
MACH_04	2025-09-07T12:00:00+01:00	202.543
MACH_04	2025-09-07 13:00:00	202.619
MACH_04	2025-09-07 14:00:00	202.339
MACH_04	2025-09-07 15:00:00	202.788
MACH_04	2025-09-07 16:00:00	203.301
MACH_04	2025-09-07T17:00:00+01:00	203.02
MACH_04	2025-09-07 18:00:00	202.578
MACH_04	2025-09-07 19:00:00	201.588
MACH_04	2025-09-07 20:00:00	203.041
MACH_04	2025-09-07 21:00:00	203.072
MACH_04	2025-09-07T22:00:00+01:00	202.508
MACH_04	2025-09-07 23:00:00	202.372
MACH_04	2025-09-08 00:00:00	202.885
MACH_04	2025-09-08 01:00:00	202.18
MACH_04	2025-09-08 02:00:00	202.934
MACH_04	2025-09-08T03:00:00+01:00	202.062
MACH_04	2025-09-08 04:00:00	202.123
MACH_04	2025-09-08 05:00:00	202.564
MACH_04	2025-09-08 06:00:00	201.897
MACH_04	2025-09-08 07:00:00	202.592
MACH_04	2025-09-08T08:00:00+01:00	202.908
MACH_04	2025-09-08 09:00:00	202.102
MACH_04	2025-09-08 10:00:00	203.122
MACH_04	2025-09-08 11:00:00	202.405
MACH_04	2025-09-08 12:00:00	202.888
MACH_04	2025-09-08T13:00:00+01:00	202.695
MACH_04	2025-09-08 14:00:00	202.396
MACH_04	2025-09-08 15:00:00	202.334
MACH_04	2025-09-08 16:00:00	201.747
MACH_04	2025-09-08 17:00:00	202.213
MACH_04	2025-09-08T18:00:00+01:00	202.201
MACH_04	2025-09-08 19:00:00	203.323
MACH_04	2025-09-08 20:00:00	203.019
MACH_04	2025-09-08 21:00:00	201.924
MACH_04	2025-09-08 22:00:00	202.956
MACH_04	2025-09-08T23:00:00+01:00	202.697
MACH_04	2025-09-09 00:00:00	202.442
MACH_04	2025-09-09 01:00:00	202.806
MACH_04	2025-09-09 02:00:00	202.966
MACH_04	2025-09-09 03:00:00	202.309
MACH_04	2025-09-09T04:00:00+01:00	202.476
MACH_04	2025-09-09 05:00:00	202.706
MACH_04	2025-09-09 06:00:00	202.135
MACH_04	2025-09-09 07:00:00	202.722
MACH_04	2025-09-09 08:00:00	202.563
MACH_04	2025-09-09T09:00:00+01:00	202.316
MACH_04	2025-09-09 10:00:00	202.245
MACH_04	2025-09-09 11:00:00	202.756
MACH_04	2025-09-09 12:00:00	202.99
MACH_04	2025-09-09 13:00:00	202.725
MACH_04	2025-09-09T14:00:00+01:00	202.167
MACH_04	2025-09-09 15:00:00	202.897
MACH_04	2025-09-09 16:00:00	202.642
MACH_04	2025-09-09 17:00:00	202.797
MACH_04	2025-09-09 18:00:00	203.064
MACH_04	2025-09-09T19:00:00+01:00	202.096
MACH_04	2025-09-09 20:00:00	202.397
MACH_04	2025-09-09 21:00:00	202.191
MACH_04	2025-09-09 22:00:00	202.023
MACH_04	2025-09-09 23:00:00	203.296
MACH_04	2025-09-10T00:00:00+01:00	202.778
MACH_04	2025-09-10 01:00:00	201.505
MACH_04	2025-09-10 02:00:00	202.557
MACH_04	2025-09-10 03:00:00	202.082
MACH_04	2025-09-10 04:00:00	202.922
MACH_04	2025-09-10T05:00:00+01:00	202.466
MACH_04	2025-09-10 06:00:00	202.376
MACH_04	2025-09-10 07:00:00	202.563
MACH_04	2025-09-10 08:00:00	202.685
MACH_04	2025-09-10 09:00:00	202.502
MACH_04	2025-09-10T10:00:00+01:00	202.404
MACH_04	2025-09-10 11:00:00	202.47
MACH_04	2025-09-10 12:00:00	202.78
MACH_04	2025-09-10 13:00:00	202.005
MACH_04	2025-09-10 14:00:00	202.484
MACH_04	2025-09-10T15:00:00+01:00	202.448
MACH_04	2025-09-10 16:00:00	202.287
MACH_04	2025-09-10 17:00:00	202.819
MACH_04	2025-09-10 18:00:00	201.874
MACH_04	2025-09-10 19:00:00	202.326
MACH_04	2025-09-10T20:00:00+01:00	202.095
MACH_04	2025-09-10 21:00:00	202.77
MACH_04	2025-09-10 22:00:00	202.318
MACH_04	2025-09-10 23:00:00	202.515
MACH_04	2025-09-11 00:00:00	202.662
MACH_04	2025-09-11T01:00:00+01:00	201.75
MACH_04	2025-09-11 02:00:00	202.733
MACH_04	2025-09-11 03:00:00	202.213
MACH_04	2025-09-11 04:00:00	202.386
MACH_04	2025-09-11 05:00:00	202.45
MACH_04	2025-09-11T06:00:00+01:00	202.9
MACH_04	2025-09-11 07:00:00	202.903
MACH_04	2025-09-11 08:00:00	203.432
MACH_04	2025-09-11 09:00:00	202.661
MACH_04	2025-09-11 10:00:00	202.344
MACH_04	2025-09-11T11:00:00+01:00	202.3
MACH_04	2025-09-11 12:00:00	202.863
MACH_04	2025-09-11 13:00:00	203.266
MACH_04	2025-09-11 14:00:00	202.711
MACH_04	2025-09-11 15:00:00	202.31
MACH_04	2025-09-11T16:00:00+01:00	202.721
MACH_04	2025-09-11 17:00:00	202.647
MACH_04	2025-09-11 18:00:00	202.521
MACH_04	2025-09-11 19:00:00	202.181
MACH_04	2025-09-11 20:00:00	201.299
MACH_04	2025-09-11T21:00:00+01:00	202.226
MACH_04	2025-09-11 22:00:00	202.964
MACH_04	2025-09-11 23:00:00	202.597
MACH_04	2025-09-12 00:00:00	201.474
MACH_04	2025-09-12 01:00:00	202.515
MACH_04	2025-09-12T02:00:00+01:00	201.636
MACH_04	2025-09-12 03:00:00	203.427
MACH_04	2025-09-12 04:00:00	202.582
MACH_04	2025-09-12 05:00:00	201.952
MACH_04	2025-09-12 06:00:00	202.88
MACH_04	2025-09-12T07:00:00+01:00	202.172
MACH_04	2025-09-12 08:00:00	202.748
MACH_04	2025-09-12 09:00:00	202.531
MACH_04	2025-09-12 10:00:00	201.964
MACH_04	2025-09-12 11:00:00	202.858
MACH_04	2025-09-12T12:00:00+01:00	201.923
MACH_04	2025-09-12 13:00:00	203.199
MACH_04	2025-09-12 14:00:00	202.645
MACH_04	2025-09-12 15:00:00	202.119
MACH_04	2025-09-12 16:00:00	201.754
MACH_04	2025-09-12T17:00:00+01:00	203.349
MACH_04	2025-09-12 18:00:00	203.277
MACH_04	2025-09-12 19:00:00	201.964
MACH_04	2025-09-12 20:00:00	203.313
MACH_04	2025-09-12 21:00:00	202.614
MACH_04	2025-09-12T22:00:00+01:00	202.409
MACH_04	2025-09-12 23:00:00	202.465
MACH_04	2025-09-13 00:00:00	202.333
MACH_04	2025-09-13 01:00:00	203.167
MACH_04	2025-09-13 02:00:00	202.582
MACH_04	2025-09-13T03:00:00+01:00	201.706
MACH_04	2025-09-13 04:00:00	203.517
MACH_04	2025-09-13 05:00:00	202.916
MACH_04	2025-09-13 06:00:00	202.003
MACH_04	2025-09-13 07:00:00	202.294
MACH_04	2025-09-13T08:00:00+01:00	202.044
MACH_04	2025-09-13 09:00:00	202.467
MACH_04	2025-09-13 10:00:00	202.618
MACH_04	2025-09-13 11:00:00	202.552
MACH_04	2025-09-13 12:00:00	202.161
MACH_04	2025-09-13T13:00:00+01:00	202.121
MACH_04	2025-09-13 14:00:00	202.908
MACH_04	2025-09-13 15:00:00	202.426
MACH_04	2025-09-13 16:00:00	203.552
MACH_04	2025-09-13 17:00:00	202.084
MACH_04	2025-09-13T18:00:00+01:00	202.83
MACH_04	2025-09-13 19:00:00	202.447
MACH_04	2025-09-13 20:00:00	202.044
MACH_04	2025-09-13 21:00:00	203.073
MACH_04	2025-09-13 22:00:00	202.477
MACH_04	2025-09-13T23:00:00+01:00	201.981
MACH_04	2025-09-14 00:00:00	202.232
MACH_04	2025-09-14 01:00:00	202.846
MACH_04	2025-09-14 02:00:00	201.84
MACH_04	2025-09-14 03:00:00	203.02
MACH_04	2025-09-14T04:00:00+01:00	202.658
MACH_04	2025-09-14 05:00:00	202.225
MACH_04	2025-09-14 06:00:00	202.94
MACH_04	2025-09-14 07:00:00	203.111
MACH_04	2025-09-14 08:00:00	202.606
MACH_04	2025-09-14T09:00:00+01:00	202.405
MACH_04	2025-09-14 10:00:00	203.173
MACH_04	2025-09-14 11:00:00	202.987
MACH_04	2025-09-14 12:00:00	201.826
MACH_04	2025-09-14 13:00:00	202.144
MACH_04	2025-09-14T14:00:00+01:00	202.143
MACH_04	2025-09-14 15:00:00	202.087
MACH_04	2025-09-14 16:00:00	201.606
MACH_04	2025-09-14 17:00:00	202.711
MACH_04	2025-09-14 18:00:00	202.305
MACH_04	2025-09-14T19:00:00+01:00	202.331
MACH_04	2025-09-14 20:00:00	202.889
MACH_04	2025-09-14 21:00:00	201.951
MACH_04	2025-09-14 22:00:00	202.178
MACH_04	2025-09-14 23:00:00	202.299
